file,interval,input_rows,output_rows,start,end,null_datetime_dropped,null_ohlc_dropped,nonpositive_ohlc_dropped,ohlc_repaired_rows,duplicate_timestamp_rows_collapsed,weekend_rows,off_regular_session_rows,trading_days,min_rows_per_day,median_rows_per_day,max_rows_per_day,partial_days_lt_90pct_expected,regular_slot_missing_days,missing_regular_slots,abs_return_gt_5pct,abs_return_gt_10pct
INDIA VIX_15minute.csv,15min,69285,69285,2015-01-09 09:15:00,2026-04-08 14:00:00,0,0,0,56,0,155,184,2783,4,25.0,25,15,2,2,496,77
INDIA VIX_30minute.csv,30min,36036,36036,2015-01-09 09:15:00,2026-04-08 14:45:00,0,0,0,17,0,84,101,2783,2,13.0,13,14,1,1,536,76
INDIA VIX_5minute.csv,5min,207825,207825,2015-01-09 09:15:00,2026-04-08 13:20:00,0,0,0,255,0,465,549,2783,9,75.0,75,15,8,22,513,82
INDIA VIX_60minute.csv,60min,19406,19406,2015-01-09 09:15:00,2026-04-08 15:15:00,0,0,0,11,0,46,55,2783,1,7.0,7,14,0,0,571,94
INDIA VIX_day.csv,day,2793,2790,2015-01-01 00:00:00,2026-04-08 00:00:00,0,0,0,0,3,11,0,2790,0,0.0,0,0,0,0,634,142
INDIA VIX_minute.csv,1min,1038987,1038983,2015-01-09 09:15:00,2026-04-08 13:17:00,0,0,0,2547,4,2325,2685,2783,53,375.0,375,16,26,144,731,110
NIFTY 100_15minute.csv,15min,69281,69281,2015-01-09 09:15:00,2026-04-08 13:15:00,0,0,0,0,0,155,185,2783,4,25.0,25,15,3,4,6,1
NIFTY 100_30minute.csv,30min,36033,36033,2015-01-09 09:15:00,2026-04-08 13:45:00,0,0,0,0,0,84,101,2783,2,13.0,13,15,1,1,5,2
NIFTY 100_5minute.csv,5min,207819,207819,2015-01-09 09:15:00,2026-04-08 13:20:00,0,0,0,0,0,465,552,2783,9,75.0,75,16,8,22,5,0
NIFTY 100_60minute.csv,60min,19405,19405,2015-01-09 09:15:00,2026-04-08 14:15:00,0,0,0,0,0,46,55,2783,1,7.0,7,15,0,0,5,2
NIFTY 100_day.csv,day,3668,2791,2015-01-01 00:00:00,2026-04-08 00:00:00,0,0,0,0,877,11,0,2791,0,0.0,0,0,0,0,11,1
NIFTY 100_minute.csv,1min,1038781,1038777,2015-01-09 09:15:00,2026-04-08 10:28:00,0,0,0,0,4,2325,2697,2783,54,375.0,375,17,26,144,6,0
NIFTY 200_15minute.csv,15min,69283,69283,2015-01-09 09:15:00,2026-04-08 13:45:00,0,0,0,0,0,155,185,2783,4,25.0,25,15,3,4,8,3
NIFTY 200_30minute.csv,30min,36034,36034,2015-01-09 09:15:00,2026-04-08 14:15:00,0,0,0,0,0,84,101,2783,2,13.0,13,15,1,1,7,4
NIFTY 200_5minute.csv,5min,207803,207803,2015-01-09 09:15:00,2026-04-08 11:55:00,0,0,0,0,0,465,552,2783,9,75.0,75,16,7,21,7,2
NIFTY 200_60minute.csv,60min,19405,19405,2015-01-09 09:15:00,2026-04-08 14:15:00,0,0,0,0,0,46,55,2783,1,7.0,7,15,0,0,7,4
NIFTY 200_day.csv,day,3668,2791,2015-01-01 00:00:00,2026-04-08 00:00:00,0,0,0,0,877,11,0,2791,0,0.0,0,0,0,0,12,1
NIFTY 200_minute.csv,1min,1038923,1038919,2015-01-09 09:15:00,2026-04-08 12:50:00,0,0,0,0,4,2325,2697,2783,53,375.0,375,17,27,143,8,2
NIFTY 500_15minute.csv,15min,41793,41793,2015-11-09 09:15:00,2026-04-08 13:45:00,0,0,0,0,0,126,143,1680,4,25.0,25,11,1,2,7,2
NIFTY 500_30minute.csv,30min,21736,21736,2015-11-09 09:15:00,2026-04-08 14:15:00,0,0,0,0,0,68,77,1680,2,13.0,13,11,1,1,7,3
NIFTY 500_5minute.csv,5min,125350,125350,2015-11-09 09:15:00,2026-04-08 12:00:00,0,0,0,0,0,378,429,1680,12,75.0,75,12,1,2,7,1
NIFTY 500_60minute.csv,60min,11705,11705,2015-11-09 09:15:00,2026-04-08 14:15:00,0,0,0,0,0,37,41,1680,1,7.0,7,11,0,0,6,3
NIFTY 500_day.csv,day,2790,2790,2015-01-01 00:00:00,2026-04-08 00:00:00,0,0,0,0,0,11,0,2790,0,0.0,0,0,0,0,12,1
NIFTY 500_minute.csv,1min,626688,626688,2015-11-09 09:15:00,2026-04-08 12:54:00,0,0,0,0,0,1890,2070,1680,54,375.0,375,12,14,41,6,1
NIFTY 50_15minute.csv,15min,69308,69308,2015-01-09 09:15:00,2026-04-08 13:15:00,0,0,0,0,0,155,185,2784,4,25.0,25,15,2,2,5,1
NIFTY 50_30minute.csv,30min,36047,36047,2015-01-09 09:15:00,2026-04-08 13:45:00,0,0,0,0,0,84,101,2784,2,13.0,13,15,0,0,5,2
NIFTY 50_5minute.csv,5min,207881,207881,2015-01-09 09:15:00,2026-04-08 11:25:00,0,0,0,0,0,465,552,2784,9,75.0,75,15,7,21,5,0
NIFTY 50_60minute.csv,60min,19412,19412,2015-01-09 09:15:00,2026-04-08 14:15:00,0,0,0,0,0,46,55,2784,1,7.0,7,15,0,0,6,2
NIFTY 50_day.csv,day,2791,2791,2015-01-01 00:00:00,2026-04-08 00:00:00,0,0,0,0,0,11,0,2791,0,0.0,0,0,0,0,11,1
NIFTY 50_minute.csv,1min,1039200,1039196,2015-01-09 09:15:00,2026-04-08 10:23:00,0,0,0,0,4,2325,2697,2784,54,375.0,375,16,27,145,7,0
NIFTY ALPHA 50_15minute.csv,15min,41770,41770,2019-07-02 09:15:00,2026-04-08 13:45:00,0,0,0,0,0,126,143,1679,4,25.0,25,11,0,0,7,0
NIFTY ALPHA 50_30minute.csv,30min,21724,21724,2019-07-02 09:15:00,2026-04-08 14:15:00,0,0,0,0,0,68,77,1679,2,13.0,13,11,0,0,7,1
NIFTY ALPHA 50_5minute.csv,5min,125283,125283,2019-07-02 09:15:00,2026-04-08 11:55:00,0,0,0,0,0,378,429,1679,12,75.0,75,11,1,2,6,0
NIFTY ALPHA 50_60minute.csv,60min,11698,11698,2019-07-02 09:15:00,2026-04-08 14:15:00,0,0,0,0,0,37,41,1679,1,7.0,7,11,0,0,8,2
NIFTY ALPHA 50_day.csv,day,2791,2791,2015-01-01 00:00:00,2026-04-08 00:00:00,0,0,0,0,0,11,0,2791,0,0.0,0,0,0,0,14,2
NIFTY ALPHA 50_minute.csv,1min,626251,626251,2019-07-02 09:15:00,2026-04-08 11:05:00,0,0,0,0,0,1890,2070,1679,53,375.0,375,11,16,43,6,0
NIFTY AUTO_15minute.csv,15min,69282,69282,2015-01-09 09:15:00,2026-04-08 13:30:00,0,0,0,0,0,155,185,2783,4,25.0,25,15,3,4,8,1
NIFTY AUTO_30minute.csv,30min,36034,36034,2015-01-09 09:15:00,2026-04-08 14:15:00,0,0,0,0,0,84,101,2783,2,13.0,13,15,1,1,11,2
NIFTY AUTO_5minute.csv,5min,207801,207801,2015-01-09 09:15:00,2026-04-08 11:50:00,0,0,0,0,0,465,552,2783,9,75.0,75,16,8,22,8,1
NIFTY AUTO_60minute.csv,60min,19405,19405,2015-01-09 09:15:00,2026-04-08 14:15:00,0,0,0,0,0,46,55,2783,1,7.0,7,15,0,0,11,3
NIFTY AUTO_day.csv,day,3647,2791,2015-01-01 00:00:00,2026-04-08 00:00:00,0,0,0,0,856,11,0,2791,0,0.0,0,0,0,0,19,2
NIFTY AUTO_minute.csv,1min,1038917,1038913,2015-01-09 09:15:00,2026-04-08 12:45:00,0,0,0,0,4,2325,2697,2783,54,375.0,375,17,27,145,9,0
NIFTY BANK_15minute.csv,15min,69306,69306,2015-01-09 09:15:00,2026-04-08 13:15:00,0,0,0,0,0,155,185,2784,4,25.0,25,15,3,4,9,1
NIFTY BANK_30minute.csv,30min,36046,36046,2015-01-09 09:15:00,2026-04-08 13:45:00,0,0,0,0,0,84,101,2784,2,13.0,13,15,1,1,10,3
NIFTY BANK_5minute.csv,5min,207872,207872,2015-01-09 09:15:00,2026-04-08 11:25:00,0,0,0,0,0,465,552,2784,9,75.0,75,16,7,21,9,0
NIFTY BANK_60minute.csv,60min,19412,19412,2015-01-09 09:15:00,2026-04-08 14:15:00,0,0,0,0,0,46,55,2784,1,7.0,7,15,0,0,11,3
NIFTY BANK_day.csv,day,2795,2791,2015-01-01 00:00:00,2026-04-08 00:00:00,0,0,0,0,4,11,0,2791,0,0.0,0,0,0,0,23,2
NIFTY BANK_minute.csv,1min,1039149,1039145,2015-01-09 09:15:00,2026-04-08 10:19:00,0,0,0,0,4,2325,2697,2784,54,375.0,375,17,27,142,12,0
NIFTY COMMODITIES_15minute.csv,15min,65207,65207,2015-01-09 09:15:00,2026-04-08 13:30:00,0,0,0,0,0,155,181,2621,1,25.0,25,16,3,4,9,3
NIFTY COMMODITIES_30minute.csv,30min,33915,33915,2015-01-09 09:15:00,2026-04-08 13:45:00,0,0,0,0,0,84,99,2621,1,13.0,13,16,1,1,7,4
NIFTY COMMODITIES_5minute.csv,5min,195570,195570,2015-01-09 09:15:00,2026-04-08 11:30:00,0,0,0,0,0,465,540,2621,1,75.0,75,17,7,21,10,3
NIFTY COMMODITIES_60minute.csv,60min,18265,18265,2015-01-09 09:15:00,2026-04-08 14:15:00,0,0,0,0,0,46,54,2621,1,7.0,7,16,0,0,8,4
NIFTY COMMODITIES_day.csv,day,3491,2791,2015-01-01 00:00:00,2026-04-08 00:00:00,0,0,0,0,700,11,0,2791,0,0.0,0,0,0,0,195,182
NIFTY COMMODITIES_minute.csv,1min,977641,977637,2015-01-09 09:15:00,2026-04-08 10:33:00,0,0,0,0,4,2325,2637,2621,1,375.0,375,18,26,141,10,2
NIFTY CONSR DURBL_15minute.csv,15min,22249,22249,2022-08-29 09:15:00,2026-04-08 13:45:00,0,0,0,0,0,93,101,895,4,25.0,25,7,0,0,0,0
NIFTY CONSR DURBL_30minute.csv,30min,11573,11573,2022-08-29 09:15:00,2026-04-08 14:15:00,0,0,0,0,0,51,55,895,2,13.0,13,7,0,0,0,0
NIFTY CONSR DURBL_5minute.csv,5min,66726,66726,2022-08-29 09:15:00,2026-04-08 12:10:00,0,0,0,0,0,279,303,895,12,75.0,75,7,0,0,0,0
NIFTY CONSR DURBL_60minute.csv,60min,6233,6233,2022-08-29 09:15:00,2026-04-08 15:15:00,0,0,0,0,0,28,30,895,1,7.0,7,6,0,0,0,0
NIFTY CONSR DURBL_day.csv,day,2791,2791,2015-01-01 00:00:00,2026-04-08 00:00:00,0,0,0,0,0,11,0,2791,0,0.0,0,0,0,0,13,1
NIFTY CONSR DURBL_minute.csv,1min,333667,333667,2022-08-29 09:15:00,2026-04-08 13:10:00,0,0,0,0,0,1395,1515,895,60,375.0,375,7,6,19,0,0
NIFTY CONSUMPTION_15minute.csv,15min,50266,50266,2015-01-09 09:15:00,2026-04-08 13:30:00,0,0,0,0,0,151,168,2019,4,25.0,25,11,2,3,5,1
NIFTY CONSUMPTION_30minute.csv,30min,26142,26142,2015-01-09 09:15:00,2026-04-08 13:45:00,0,0,0,0,0,81,90,2019,2,13.0,13,11,1,1,5,1
NIFTY CONSUMPTION_5minute.csv,5min,150760,150760,2015-01-09 09:15:00,2026-04-08 11:35:00,0,0,0,0,0,453,504,2019,12,75.0,75,12,6,12,5,1
NIFTY CONSUMPTION_60minute.csv,60min,14078,14078,2015-01-09 09:15:00,2026-04-08 14:15:00,0,0,0,0,0,44,48,2019,1,7.0,7,11,0,0,6,3
NIFTY CONSUMPTION_day.csv,day,2791,2791,2015-01-01 00:00:00,2026-04-08 00:00:00,0,0,0,0,0,11,0,2791,0,0.0,0,0,0,0,7,1
NIFTY CONSUMPTION_minute.csv,1min,753594,753590,2015-01-09 09:15:00,2026-04-08 10:37:00,0,0,0,0,4,2265,2445,2019,53,375.0,375,12,25,126,5,1
NIFTY CPSE_15minute.csv,15min,41793,41793,2015-11-09 09:15:00,2026-04-08 13:45:00,0,0,0,0,0,126,143,1680,4,25.0,25,11,1,2,7,2
NIFTY CPSE_30minute.csv,30min,21736,21736,2015-11-09 09:15:00,2026-04-08 14:15:00,0,0,0,0,0,68,77,1680,2,13.0,13,11,1,1,9,3
NIFTY CPSE_5minute.csv,5min,125350,125350,2015-11-09 09:15:00,2026-04-08 12:00:00,0,0,0,0,0,378,429,1680,12,75.0,75,12,1,2,6,2
NIFTY CPSE_60minute.csv,60min,11705,11705,2015-11-09 09:15:00,2026-04-08 14:15:00,0,0,0,0,0,37,41,1680,1,7.0,7,11,0,0,12,3
NIFTY CPSE_day.csv,day,2890,2791,2015-01-01 00:00:00,2026-04-08 00:00:00,0,0,0,0,99,11,0,2791,0,0.0,0,0,0,0,15,1
NIFTY CPSE_minute.csv,1min,626692,626692,2015-11-09 09:15:00,2026-04-08 12:58:00,0,0,0,0,0,1890,2070,1680,54,375.0,375,12,14,41,8,1
NIFTY ENERGY_15minute.csv,15min,69282,69282,2015-01-09 09:15:00,2026-04-08 13:30:00,0,0,0,0,0,155,185,2783,4,25.0,25,15,3,4,8,1
NIFTY ENERGY_30minute.csv,30min,36034,36034,2015-01-09 09:15:00,2026-04-08 14:15:00,0,0,0,0,0,84,101,2783,2,13.0,13,15,1,1,5,2
NIFTY ENERGY_5minute.csv,5min,207801,207801,2015-01-09 09:15:00,2026-04-08 11:45:00,0,0,0,0,0,465,552,2783,9,75.0,75,16,7,21,7,1
NIFTY ENERGY_60minute.csv,60min,19405,19405,2015-01-09 09:15:00,2026-04-08 14:15:00,0,0,0,0,0,46,55,2783,1,7.0,7,15,0,0,7,2
NIFTY ENERGY_day.csv,day,2794,2790,2015-01-01 00:00:00,2026-04-08 00:00:00,0,0,0,1,4,11,0,2790,0,0.0,0,0,0,0,17,1
NIFTY ENERGY_minute.csv,1min,1038807,1038803,2015-01-09 09:15:00,2026-04-08 10:55:00,0,0,0,0,4,2325,2697,2783,53,375.0,375,17,26,144,8,0
NIFTY FIN SERVICE_15minute.csv,15min,69282,69282,2015-01-09 09:15:00,2026-04-08 13:30:00,0,0,0,0,0,155,185,2783,4,25.0,25,15,3,4,8,1
NIFTY FIN SERVICE_30minute.csv,30min,36034,36034,2015-01-09 09:15:00,2026-04-08 14:15:00,0,0,0,0,0,84,101,2783,2,13.0,13,15,1,1,8,3
NIFTY FIN SERVICE_5minute.csv,5min,207799,207799,2015-01-09 09:15:00,2026-04-08 11:35:00,0,0,0,0,0,465,552,2783,9,75.0,75,16,7,21,7,0
NIFTY FIN SERVICE_60minute.csv,60min,19405,19405,2015-01-09 09:15:00,2026-04-08 14:15:00,0,0,0,0,0,46,55,2783,1,7.0,7,15,0,0,11,3
NIFTY FIN SERVICE_day.csv,day,2794,2790,2015-01-01 00:00:00,2026-04-08 00:00:00,0,0,0,0,4,11,0,2790,0,0.0,0,0,0,0,21,1
NIFTY FIN SERVICE_minute.csv,1min,1038793,1038789,2015-01-09 09:15:00,2026-04-08 10:41:00,0,0,0,0,4,2325,2697,2783,53,375.0,375,17,26,144,8,0
NIFTY FMCG_15minute.csv,15min,69282,69282,2015-01-09 09:15:00,2026-04-08 13:30:00,0,0,0,0,0,155,185,2783,4,25.0,25,15,3,4,7,1
NIFTY FMCG_30minute.csv,30min,36034,36034,2015-01-09 09:15:00,2026-04-08 14:15:00,0,0,0,0,0,84,101,2783,2,13.0,13,15,1,1,6,1
NIFTY FMCG_5minute.csv,5min,207800,207800,2015-01-09 09:15:00,2026-04-08 11:45:00,0,0,0,0,0,465,552,2783,9,75.0,75,16,8,22,4,0
NIFTY FMCG_60minute.csv,60min,19405,19405,2015-01-09 09:15:00,2026-04-08 14:15:00,0,0,0,0,0,46,55,2783,1,7.0,7,15,0,0,6,1
NIFTY FMCG_day.csv,day,2794,2790,2015-01-01 00:00:00,2026-04-08 00:00:00,0,0,0,1,4,11,0,2790,0,0.0,0,0,0,0,8,1
NIFTY FMCG_minute.csv,1min,1039081,1039077,2015-01-09 09:15:00,2026-04-08 15:29:00,0,0,0,0,4,2325,2697,2783,53,375.0,375,16,27,144,5,0
NIFTY GS COMPSITE_15minute.csv,15min,41773,41773,2015-11-09 09:15:00,2026-04-08 13:45:00,0,0,0,0,0,126,143,1680,4,25.0,25,13,9,11,1,1
NIFTY GS COMPSITE_30minute.csv,30min,21733,21733,2015-11-09 09:15:00,2026-04-08 14:15:00,0,0,0,0,0,68,77,1680,2,13.0,13,12,1,1,1,1
NIFTY GS COMPSITE_5minute.csv,5min,124894,124894,2015-11-09 09:15:00,2026-04-08 12:05:00,0,0,0,0,0,373,424,1680,7,75.0,75,38,42,133,1,1
NIFTY GS COMPSITE_60minute.csv,60min,11704,11704,2015-11-09 09:15:00,2026-04-08 15:15:00,0,0,0,0,0,37,41,1680,1,7.0,7,12,0,0,1,1
NIFTY GS COMPSITE_day.csv,day,2053,2053,2015-11-09 00:00:00,2026-04-08 00:00:00,0,0,0,369,0,9,0,2053,0,0.0,0,0,0,0,2,2
NIFTY GS COMPSITE_minute.csv,1min,614145,614145,2015-11-09 09:15:00,2026-04-08 13:02:00,0,0,0,1,0,1837,2017,1680,7,375.0,375,96,12,26,1,1
NIFTY HEALTHCARE_15minute.csv,15min,22249,22249,2022-08-29 09:15:00,2026-04-08 13:45:00,0,0,0,0,0,93,101,895,4,25.0,25,7,0,0,0,0
NIFTY HEALTHCARE_30minute.csv,30min,11573,11573,2022-08-29 09:15:00,2026-04-08 14:15:00,0,0,0,0,0,51,55,895,2,13.0,13,7,0,0,0,0
NIFTY HEALTHCARE_5minute.csv,5min,66725,66725,2022-08-29 09:15:00,2026-04-08 12:05:00,0,0,0,0,0,279,303,895,12,75.0,75,7,0,0,0,0
NIFTY HEALTHCARE_60minute.csv,60min,6233,6233,2022-08-29 09:15:00,2026-04-08 15:15:00,0,0,0,0,0,28,30,895,1,7.0,7,6,0,0,0,0
NIFTY HEALTHCARE_day.csv,day,2779,2779,2015-01-01 00:00:00,2026-04-08 00:00:00,0,0,0,0,0,11,0,2779,0,0.0,0,0,0,0,6,0
NIFTY HEALTHCARE_minute.csv,1min,333663,333663,2022-08-29 09:15:00,2026-04-08 13:06:00,0,0,0,0,0,1395,1515,895,60,375.0,375,7,6,19,0,0
NIFTY IND DIGITAL_15minute.csv,15min,22250,22250,2022-08-29 09:15:00,2026-04-08 14:00:00,0,0,0,0,0,93,101,895,4,25.0,25,7,0,0,0,0
NIFTY IND DIGITAL_30minute.csv,30min,11573,11573,2022-08-29 09:15:00,2026-04-08 14:15:00,0,0,0,0,0,51,55,895,2,13.0,13,7,0,0,0,0
NIFTY IND DIGITAL_5minute.csv,5min,66727,66727,2022-08-29 09:15:00,2026-04-08 12:15:00,0,0,0,0,0,279,303,895,12,75.0,75,7,0,0,1,0
NIFTY IND DIGITAL_60minute.csv,60min,6233,6233,2022-08-29 09:15:00,2026-04-08 15:15:00,0,0,0,0,0,28,30,895,1,7.0,7,6,0,0,1,0
NIFTY IND DIGITAL_day.csv,day,2779,2779,2015-01-01 00:00:00,2026-04-08 00:00:00,0,0,0,0,0,11,0,2779,0,0.0,0,0,0,0,8,1
NIFTY IND DIGITAL_minute.csv,1min,333670,333670,2022-08-29 09:15:00,2026-04-08 13:13:00,0,0,0,0,0,1395,1515,895,60,375.0,375,7,6,19,1,0
NIFTY INDIA MFG_15minute.csv,15min,22250,22250,2022-08-29 09:15:00,2026-04-08 14:00:00,0,0,0,0,0,93,101,895,4,25.0,25,7,0,0,0,0
NIFTY INDIA MFG_30minute.csv,30min,11573,11573,2022-08-29 09:15:00,2026-04-08 14:15:00,0,0,0,0,0,51,55,895,2,13.0,13,7,0,0,0,0
NIFTY INDIA MFG_5minute.csv,5min,66727,66727,2022-08-29 09:15:00,2026-04-08 12:15:00,0,0,0,0,0,279,303,895,12,75.0,75,7,0,0,1,0
NIFTY INDIA MFG_60minute.csv,60min,6233,6233,2022-08-29 09:15:00,2026-04-08 15:15:00,0,0,0,0,0,28,30,895,1,7.0,7,6,0,0,1,0
NIFTY INDIA MFG_day.csv,day,2779,2779,2015-01-01 00:00:00,2026-04-08 00:00:00,0,0,0,0,0,11,0,2779,0,0.0,0,0,0,0,8,1
NIFTY INDIA MFG_minute.csv,1min,333558,333558,2022-08-29 09:15:00,2026-04-08 11:22:00,0,0,0,0,0,1395,1515,895,60,375.0,375,7,7,20,1,0
NIFTY INFRA_15minute.csv,15min,69282,69282,2015-01-09 09:15:00,2026-04-08 13:30:00,0,0,0,0,0,155,185,2783,4,25.0,25,15,3,4,7,1
NIFTY INFRA_30minute.csv,30min,36034,36034,2015-01-09 09:15:00,2026-04-08 14:15:00,0,0,0,0,0,84,101,2783,2,13.0,13,15,1,1,5,2
NIFTY INFRA_5minute.csv,5min,207800,207800,2015-01-09 09:15:00,2026-04-08 11:40:00,0,0,0,0,0,465,552,2783,9,75.0,75,16,7,21,5,0
NIFTY INFRA_60minute.csv,60min,19405,19405,2015-01-09 09:15:00,2026-04-08 14:15:00,0,0,0,0,0,46,55,2783,1,7.0,7,15,0,0,6,2
NIFTY INFRA_day.csv,day,2737,2733,2015-01-01 00:00:00,2026-04-08 00:00:00,0,0,0,0,4,11,0,2733,0,0.0,0,0,0,0,14,2
NIFTY INFRA_minute.csv,1min,1038804,1038800,2015-01-09 09:15:00,2026-04-08 10:50:00,0,0,0,0,4,2325,2697,2783,53,375.0,375,17,26,142,6,0
NIFTY IT_15minute.csv,15min,69307,69307,2015-01-09 09:15:00,2026-04-08 13:30:00,0,0,0,0,0,155,185,2784,4,25.0,25,15,3,4,9,1
NIFTY IT_30minute.csv,30min,36047,36047,2015-01-09 09:15:00,2026-04-08 14:15:00,0,0,0,0,0,84,101,2784,2,13.0,13,15,1,1,8,2
NIFTY IT_5minute.csv,5min,207875,207875,2015-01-09 09:15:00,2026-04-08 11:40:00,0,0,0,0,0,465,552,2784,9,75.0,75,16,7,21,9,1
NIFTY IT_60minute.csv,60min,19412,19412,2015-01-09 09:15:00,2026-04-08 14:15:00,0,0,0,0,0,46,55,2784,1,7.0,7,15,0,0,8,2
NIFTY IT_day.csv,day,2795,2791,2015-01-01 00:00:00,2026-04-08 00:00:00,0,0,0,0,4,11,0,2791,0,0.0,0,0,0,0,16,0
NIFTY IT_minute.csv,1min,1039178,1039174,2015-01-09 09:15:00,2026-04-08 10:46:00,0,0,0,0,4,2325,2697,2784,54,375.0,375,17,25,140,9,0
NIFTY LARGEMID250_15minute.csv,15min,22249,22249,2022-08-29 09:15:00,2026-04-08 13:45:00,0,0,0,0,0,93,101,895,4,25.0,25,7,0,0,0,0
NIFTY LARGEMID250_30minute.csv,30min,11573,11573,2022-08-29 09:15:00,2026-04-08 14:15:00,0,0,0,0,0,51,55,895,2,13.0,13,7,0,0,0,0
NIFTY LARGEMID250_5minute.csv,5min,66726,66726,2022-08-29 09:15:00,2026-04-08 12:10:00,0,0,0,0,0,279,303,895,12,75.0,75,7,0,0,1,0
NIFTY LARGEMID250_60minute.csv,60min,6233,6233,2022-08-29 09:15:00,2026-04-08 15:15:00,0,0,0,0,0,28,30,895,1,7.0,7,6,0,0,0,0
NIFTY LARGEMID250_day.csv,day,2777,2777,2015-01-01 00:00:00,2026-04-08 00:00:00,0,0,0,0,0,11,0,2777,0,0.0,0,0,0,0,8,1
NIFTY LARGEMID250_minute.csv,1min,333554,333554,2022-08-29 09:15:00,2026-04-08 11:18:00,0,0,0,0,0,1395,1515,895,60,375.0,375,7,7,20,0,0
