strategy,expiry,entry_time,exit_time,entry_reason,exit_reason,legs,gross_pnl,charges,net_pnl
ThreePMV2CallLevelStop,2024-01-04,2024-01-02 15:16:00,2024-01-03 09:16:00,entry,spot_level_stop,BUY:NIFTY04JAN24CE21650@94.7,-1532.5,56.84,-1589.34
ThreePMV2CallLevelStop,2024-01-11,2024-01-05 15:16:00,2024-01-08 09:15:00,entry,next_day_open,BUY:NIFTY11JAN24CE21700@119.6,107.5,63.64,43.86
ThreePMV2CallLevelStop,2024-01-25,2024-01-18 15:16:00,2024-01-19 09:15:00,entry,next_day_open,BUY:NIFTY25JAN24CE21450@208.15,2552.5,80.76,2471.74
ThreePMV2CallLevelStop,2024-02-01,2024-01-25 15:16:00,2024-01-29 09:15:00,entry,next_day_open,BUY:NIFTY01FEB24CE21350@211.85,795.0,77.59,717.41
ThreePMV2CallLevelStop,2024-02-01,2024-01-31 15:16:00,2024-02-01 09:15:00,entry,next_day_open,BUY:NIFTY01FEB24CE21750@122.65,-170.0,63.48,-233.48
ThreePMV2CallLevelStop,2024-02-08,2024-02-02 15:16:00,2024-02-05 09:16:00,entry,spot_level_stop,BUY:NIFTY08FEB24CE21850@172.95,-872.5,68.83,-941.33
ThreePMV2CallLevelStop,2024-02-08,2024-02-05 15:16:00,2024-02-06 09:15:00,entry,next_day_open,BUY:NIFTY08FEB24CE21750@137.0,67.5,65.93,1.57
ThreePMV2CallLevelStop,2024-02-08,2024-02-06 15:16:00,2024-02-07 09:16:00,entry,target,BUY:NIFTY08FEB24CE21900@126.35,3410.0,71.46,3338.54
ThreePMV2CallLevelStop,2024-02-15,2024-02-12 15:16:00,2024-02-13 09:15:00,entry,next_day_open,BUY:NIFTY15FEB24CE21600@146.2,1227.5,69.59,1157.91
ThreePMV2CallLevelStop,2024-02-15,2024-02-13 15:16:00,2024-02-14 09:16:00,entry,spot_level_stop,BUY:NIFTY15FEB24CE21750@117.8,-4100.0,54.6,-4154.6
ThreePMV2CallLevelStop,2024-02-15,2024-02-14 15:16:00,2024-02-15 09:15:00,entry,next_day_open,BUY:NIFTY15FEB24CE21800@101.85,1947.5,65.08,1882.42
ThreePMV2CallLevelStop,2024-02-22,2024-02-21 15:16:00,2024-02-22 09:16:00,entry,spot_level_stop,BUY:NIFTY22FEB24CE22100@52.4,-537.5,53.18,-590.68
ThreePMV2CallLevelStop,2024-02-29,2024-02-26 15:16:00,2024-02-27 09:16:00,entry,spot_level_stop,BUY:NIFTY29FEB24CE22100@152.95,-842.5,66.18,-908.68
ThreePMV2CallLevelStop,2024-02-29,2024-02-27 15:16:00,2024-02-28 09:15:00,entry,next_day_open,BUY:NIFTY29FEB24CE22200@99.2,110.0,60.88,49.12
ThreePMV2CallLevelStop,2024-02-29,2024-02-28 15:16:00,2024-02-29 09:16:00,entry,spot_level_stop,BUY:NIFTY29FEB24CE21950@62.05,215.0,56.07,158.93
ThreePMV2CallLevelStop,2024-03-07,2024-03-04 15:16:00,2024-03-05 09:16:00,entry,spot_level_stop,BUY:NIFTY07MAR24CE22400@118.3,-1332.5,60.45,-1392.95
ThreePMV2CallLevelStop,2024-03-14,2024-03-12 15:16:00,2024-03-13 09:15:00,entry,next_day_open,BUY:NIFTY14MAR24CE22350@114.0,727.5,64.18,663.32
ThreePMV2CallLevelStop,2024-04-10,2024-04-05 15:16:00,2024-04-08 09:15:00,entry,next_day_open,BUY:NIFTY10APR24CE22500@131.75,635.0,66.39,568.61
ThreePMV2CallLevelStop,2024-04-18,2024-04-16 15:16:00,2024-04-18 09:15:00,entry,next_day_open,BUY:NIFTY18APR24CE22150@91.1,420.0,60.43,359.57
ThreePMV2CallLevelStop,2024-04-25,2024-04-22 15:16:00,2024-04-23 09:15:00,entry,next_day_open,BUY:NIFTY25APR24CE22350@114.9,1730.0,66.4,1663.6
ThreePMV2CallLevelStop,2024-05-02,2024-04-29 15:16:00,2024-04-30 09:15:00,entry,next_day_open,BUY:NIFTY02MAY24CE22650@109.65,247.5,62.59,184.91
ThreePMV2CallLevelStop,2024-05-09,2024-05-07 15:16:00,2024-05-08 09:16:00,entry,spot_level_stop,BUY:NIFTY09MAY24CE22300@112.55,-2282.5,57.69,-2340.19
ThreePMV2CallLevelStop,2024-05-16,2024-05-15 15:16:00,2024-05-16 09:15:00,entry,next_day_open,BUY:NIFTY16MAY24CE22200@72.25,1872.5,60.91,1811.59
ThreePMV2CallLevelStop,2024-05-23,2024-05-21 15:16:00,2024-05-22 09:15:00,entry,next_day_open,BUY:NIFTY23MAY24CE22550@95.5,207.5,60.59,146.91
ThreePMV2CallLevelStop,2024-06-13,2024-06-10 15:16:00,2024-06-11 09:16:00,entry,spot_level_stop,BUY:NIFTY13JUN24CE23250@158.6,-217.5,68.26,-285.76
ThreePMV2CallLevelStop,2024-06-20,2024-06-14 15:16:00,2024-06-18 09:15:00,entry,next_day_open,BUY:NIFTY20JUN24CE23450@119.6,1052.5,65.62,986.88
ThreePMV2CallLevelStop,2024-06-27,2024-06-21 15:16:00,2024-06-24 09:16:00,entry,spot_level_stop,BUY:NIFTY27JUN24CE23500@118.4,-2260.0,58.53,-2318.53
ThreePMV2CallLevelStop,2024-06-27,2024-06-25 15:16:00,2024-06-26 09:15:00,entry,next_day_open,BUY:NIFTY27JUN24CE23750@89.75,47.5,59.47,-11.97
ThreePMV2CallLevelStop,2024-07-04,2024-07-02 15:16:00,2024-07-03 09:15:00,entry,next_day_open,BUY:NIFTY04JUL24CE24100@125.35,1737.5,67.83,1669.67
ThreePMV2CallLevelStop,2024-07-04,2024-07-03 15:16:00,2024-07-04 09:15:00,entry,next_day_open,BUY:NIFTY04JUL24CE24300@67.95,1185.0,58.89,1126.11
ThreePMV2CallLevelStop,2024-07-11,2024-07-10 15:16:00,2024-07-11 09:15:00,entry,next_day_open,BUY:NIFTY11JUL24CE24350@54.8,742.5,56.18,686.32
ThreePMV2CallLevelStop,2024-08-08,2024-08-01 15:16:00,2024-08-02 09:16:00,entry,spot_level_stop,BUY:NIFTY08AUG24CE25000@147.8,-4015.0,58.85,-4073.85
ThreePMV2CallLevelStop,2024-08-22,2024-08-21 15:16:00,2024-08-22 09:15:00,entry,next_day_open,BUY:NIFTY22AUG24CE24750@67.9,852.5,58.19,794.31
ThreePMV2CallLevelStop,2024-09-05,2024-09-04 15:16:00,2024-09-05 09:15:00,entry,next_day_open,BUY:NIFTY05SEP24CE25200@58.1,-125.0,54.81,-179.81
ThreePMV2CallLevelStop,2024-09-12,2024-09-05 15:16:00,2024-09-06 09:16:00,entry,spot_level_stop,BUY:NIFTY12SEP24CE25150@166.6,-2350.0,64.88,-2414.88
ThreePMV2CallLevelStop,2024-09-19,2024-09-12 15:16:00,2024-09-13 09:16:00,entry,spot_level_stop,BUY:NIFTY19SEP24CE25400@116.65,280.0,63.6,216.4
ThreePMV2CallLevelStop,2024-09-26,2024-09-24 15:16:00,2024-09-25 09:16:00,entry,spot_level_stop,BUY:NIFTY26SEP24CE25950@92.85,-892.5,57.92,-950.42
ThreePMV2CallLevelStop,2024-10-03,2024-09-26 15:16:00,2024-09-27 09:16:00,entry,spot_level_stop,BUY:NIFTY03OCT24CE26200@159.65,370.0,69.63,300.37
ThreePMV2CallLevelStop,2024-10-10,2024-10-03 15:16:00,2024-10-04 09:16:00,entry,spot_level_stop,BUY:NIFTY10OCT24CE25250@238.75,-2765.0,73.8,-2838.8
ThreePMV2CallLevelStop,2024-10-17,2024-10-10 15:16:00,2024-10-11 09:16:00,entry,spot_level_stop,BUY:NIFTY17OCT24CE25000@185.6,-725.0,70.85,-795.85
ThreePMV2CallLevelStop,2024-10-17,2024-10-15 15:16:00,2024-10-16 09:16:00,entry,spot_level_stop,BUY:NIFTY17OCT24CE25050@87.7,-765.0,57.49,-822.49
ThreePMV2CallLevelStop,2024-10-24,2024-10-21 15:16:00,2024-10-22 09:16:00,entry,spot_level_stop,BUY:NIFTY24OCT24CE24800@91.55,790.0,61.26,728.74
ThreePMV2CallLevelStop,2024-10-31,2024-10-29 15:16:00,2024-10-30 09:16:00,entry,spot_level_stop,BUY:NIFTY31OCT24CE24450@102.45,-1650.0,57.64,-1707.64
ThreePMV2CallLevelStop,2024-11-07,2024-11-04 15:16:00,2024-11-05 09:16:00,entry,spot_level_stop,BUY:NIFTY07NOV24CE24000@201.4,-510.0,73.45,-583.45
ThreePMV2CallLevelStop,2024-11-14,2024-11-08 15:16:00,2024-11-11 09:16:00,entry,spot_level_stop,BUY:NIFTY14NOV24CE24150@152.3,-2795.0,62.01,-2857.01
ThreePMV2CallLevelStop,2024-11-28,2024-11-21 15:16:00,2024-11-22 09:15:00,entry,next_day_open,BUY:NIFTY28NOV24CE23350@197.35,797.5,75.63,721.87
ThreePMV2CallLevelStop,2024-12-05,2024-12-03 15:16:00,2024-12-04 09:16:00,entry,spot_level_stop,BUY:NIFTY05DEC24CE24450@127.5,215.0,64.94,150.06
ThreePMV2CallLevelStop,2024-12-12,2024-12-05 15:16:00,2024-12-06 09:15:00,entry,next_day_open,BUY:NIFTY12DEC24CE24750@198.4,-202.5,73.68,-276.18
ThreePMV2CallLevelStop,2024-12-19,2024-12-13 15:16:00,2024-12-16 09:16:00,entry,spot_level_stop,BUY:NIFTY19DEC24CE24750@153.5,-665.0,66.63,-731.63
ThreePMV2CallLevelStop,2024-12-26,2024-12-23 15:16:00,2024-12-24 09:16:00,entry,spot_level_stop,BUY:NIFTY26DEC24CE23750@109.9,-1252.5,59.48,-1311.98
ThreePMV2CallLevelStop,2025-01-02,2025-01-01 15:16:00,2025-01-02 09:15:00,entry,next_day_open,BUY:NIFTY02JAN25CE23750@140.45,-1042.5,64.07,-1106.57
ThreePMV2CallLevelStop,2025-01-09,2025-01-07 15:16:00,2025-01-08 09:16:00,entry,spot_level_stop,BUY:NIFTY09JAN25CE23700@124.65,-1432.5,61.11,-1493.61
ThreePMV2CallLevelStop,2025-01-09,2025-01-08 15:16:00,2025-01-09 09:16:00,entry,spot_level_stop,BUY:NIFTY09JAN25CE23700@69.85,-2155.0,52.17,-2207.17
ThreePMV2CallLevelStop,2025-01-16,2025-01-09 15:16:00,2025-01-10 09:15:00,entry,next_day_open,BUY:NIFTY16JAN25CE23500@232.45,487.5,79.74,407.76
ThreePMV2CallLevelStop,2025-01-16,2025-01-15 15:16:00,2025-01-16 09:16:00,entry,target,BUY:NIFTY16JAN25CE23200@58.5,3537.5,62.53,3474.97
ThreePMV2CallLevelStop,2025-02-06,2025-01-30 15:16:00,2025-01-31 09:15:00,entry,next_day_open,BUY:NIFTY06FEB25CE23250@350.4,1125.0,97.07,1027.93
ThreePMV2CallLevelStop,2025-02-06,2025-01-31 15:16:00,2025-02-01 09:15:00,entry,next_day_open,BUY:NIFTY06FEB25CE23500@282.3,90.0,85.68,4.32
ThreePMV2CallLevelStop,2025-02-06,2025-02-01 15:16:00,2025-02-03 09:16:00,entry,spot_level_stop,BUY:NIFTY06FEB25CE23500@148.6,-4265.0,58.44,-4323.44
ThreePMV2CallLevelStop,2025-02-06,2025-02-03 15:16:00,2025-02-04 09:15:00,entry,next_day_open,BUY:NIFTY06FEB25CE23350@133.9,1367.5,68.22,1299.28
ThreePMV2CallLevelStop,2025-02-20,2025-02-14 15:16:00,2025-02-17 09:16:00,entry,spot_level_stop,BUY:NIFTY20FEB25CE22900@197.55,-3590.0,66.49,-3656.49
ThreePMV2CallLevelStop,2025-02-20,2025-02-17 15:16:00,2025-02-18 09:16:00,entry,spot_level_stop,BUY:NIFTY20FEB25CE22950@170.65,-715.0,68.85,-783.85
ThreePMV2CallLevelStop,2025-02-20,2025-02-18 15:16:00,2025-02-19 09:16:00,entry,spot_level_stop,BUY:NIFTY20FEB25CE22950@113.6,-1862.5,58.71,-1921.21
ThreePMV2CallLevelStop,2025-02-20,2025-02-19 15:16:00,2025-02-20 09:16:00,entry,spot_level_stop,BUY:NIFTY20FEB25CE22950@74.55,-1702.5,53.75,-1756.25
ThreePMV2CallLevelStop,2025-02-27,2025-02-20 15:16:00,2025-02-21 09:16:00,entry,spot_level_stop,BUY:NIFTY27FEB25CE22900@185.75,-745.0,70.83,-815.83
ThreePMV2CallLevelStop,2025-02-27,2025-02-21 15:16:00,2025-02-24 09:16:00,entry,spot_level_stop,BUY:NIFTY27FEB25CE22800@151.45,-3350.0,60.73,-3410.73
ThreePMV2CallLevelStop,2025-02-27,2025-02-24 15:16:00,2025-02-25 09:16:00,entry,spot_level_stop,BUY:NIFTY27FEB25CE22550@142.9,-1510.0,63.42,-1573.42
ThreePMV2CallLevelStop,2025-03-13,2025-03-06 15:16:00,2025-03-07 09:16:00,entry,spot_level_stop,BUY:NIFTY13MAR25CE22550@159.2,397.5,69.62,327.88
ThreePMV2CallLevelStop,2025-03-20,2025-03-18 15:16:00,2025-03-19 09:15:00,entry,next_day_open,BUY:NIFTY20MAR25CE22850@93.05,480.0,60.82,419.18
ThreePMV2CallLevelStop,2025-03-27,2025-03-21 15:16:00,2025-03-24 09:16:00,entry,target,BUY:NIFTY27MAR25CE23350@143.55,3250.0,73.47,3176.53
ThreePMV2CallLevelStop,2025-03-27,2025-03-25 15:16:00,2025-03-26 09:16:00,entry,spot_level_stop,BUY:NIFTY27MAR25CE23650@149.05,-912.5,65.51,-978.01
ThreePMV2CallLevelStop,2025-04-03,2025-04-01 15:16:00,2025-04-02 09:15:00,entry,next_day_open,BUY:NIFTY03APR25CE23150@137.45,-95.0,65.64,-160.64
ThreePMV2CallLevelStop,2025-04-03,2025-04-02 15:16:00,2025-04-03 09:16:00,entry,spot_level_stop,BUY:NIFTY03APR25CE23350@54.75,-2355.0,49.7,-2404.7
ThreePMV2CallLevelStop,2025-04-09,2025-04-04 15:16:00,2025-04-07 09:16:00,entry,spot_level_stop,BUY:NIFTY09APR25CE22900@111.3,-4240.0,53.43,-4293.43
ThreePMV2CallLevelStop,2025-04-09,2025-04-07 15:16:00,2025-04-08 09:15:00,entry,next_day_open,BUY:NIFTY09APR25CE22150@327.1,1340.0,94.36,1245.64
ThreePMV2CallLevelStop,2025-04-17,2025-04-11 15:16:00,2025-04-15 09:16:00,entry,target,BUY:NIFTY17APR25CE22800@279.7,12517.5,111.31,12406.19
ThreePMV2CallLevelStop,2025-04-24,2025-04-22 15:16:00,2025-04-23 09:16:00,entry,target,BUY:NIFTY24APR25CE24150@106.45,3190.0,68.31,3121.69
ThreePMV2CallLevelStop,2025-04-24,2025-04-23 15:16:00,2025-04-24 09:16:00,entry,spot_level_stop,BUY:NIFTY24APR25CE24300@65.1,-1615.0,52.65,-1667.65
ThreePMV2CallLevelStop,2025-04-30,2025-04-24 15:16:00,2025-04-25 09:15:00,entry,next_day_open,BUY:NIFTY30APR25CE24250@203.8,775.0,76.46,698.54
ThreePMV2CallLevelStop,2025-05-08,2025-04-30 15:16:00,2025-05-02 09:16:00,entry,spot_level_stop,BUY:NIFTY08MAY25CE24350@241.45,1187.5,82.43,1105.07
ThreePMV2CallLevelStop,2025-05-08,2025-05-02 15:16:00,2025-05-05 09:15:00,entry,next_day_open,BUY:NIFTY08MAY25CE24350@148.75,-262.5,66.82,-329.32
ThreePMV2CallLevelStop,2025-05-08,2025-05-06 15:16:00,2025-05-07 09:16:00,entry,spot_level_stop,BUY:NIFTY08MAY25CE24350@71.55,822.5,58.62,763.88
ThreePMV2CallLevelStop,2025-05-15,2025-05-08 15:16:00,2025-05-09 09:16:00,entry,spot_level_stop,BUY:NIFTY15MAY25CE24300@234.8,-4180.0,70.3,-4250.3
ThreePMV2CallLevelStop,2025-05-15,2025-05-14 15:16:00,2025-05-15 09:16:00,entry,spot_level_stop,BUY:NIFTY15MAY25CE24650@80.15,-1060.0,55.85,-1115.85
ThreePMV2CallLevelStop,2025-05-22,2025-05-16 15:16:00,2025-05-19 09:16:00,entry,spot_level_stop,BUY:NIFTY22MAY25CE25000@196.25,-1290.0,71.12,-1361.12
ThreePMV2CallLevelStop,2025-05-22,2025-05-19 15:16:00,2025-05-20 09:15:00,entry,next_day_open,BUY:NIFTY22MAY25CE24950@148.7,-607.5,66.1,-673.6
ThreePMV2CallLevelStop,2025-05-22,2025-05-20 15:16:00,2025-05-21 09:15:00,entry,next_day_open,BUY:NIFTY22MAY25CE24700@134.65,230.0,65.94,164.06
ThreePMV2CallLevelStop,2025-05-22,2025-05-21 15:16:00,2025-05-22 09:16:00,entry,spot_level_stop,BUY:NIFTY22MAY25CE24800@100.15,-2380.0,55.8,-2435.8
ThreePMV2CallLevelStop,2025-05-29,2025-05-26 15:16:00,2025-05-27 09:16:00,entry,spot_level_stop,BUY:NIFTY29MAY25CE25000@225.3,-2412.5,72.71,-2485.21
ThreePMV2CallLevelStop,2025-05-29,2025-05-27 15:16:00,2025-05-28 09:16:00,entry,spot_level_stop,BUY:NIFTY29MAY25CE24850@196.35,-155.0,73.51,-228.51
ThreePMV2CallLevelStop,2025-06-05,2025-05-29 15:16:00,2025-05-30 09:15:00,entry,next_day_open,BUY:NIFTY05JUN25CE24850@210.3,300.0,76.35,223.65
ThreePMV2CallLevelStop,2025-06-05,2025-06-02 15:16:00,2025-06-03 09:16:00,entry,spot_level_stop,BUY:NIFTY05JUN25CE24700@227.25,1150.0,80.43,1069.57
ThreePMV2CallLevelStop,2025-06-05,2025-06-04 15:16:00,2025-06-05 09:16:00,entry,spot_level_stop,BUY:NIFTY05JUN25CE24600@88.85,-1315.0,56.5,-1371.5
ThreePMV2CallLevelStop,2025-06-12,2025-06-09 15:16:00,2025-06-10 09:15:00,entry,next_day_open,BUY:NIFTY12JUN25CE25100@138.95,602.5,67.31,535.19
ThreePMV2CallLevelStop,2025-06-19,2025-06-13 15:16:00,2025-06-16 09:15:00,entry,next_day_open,BUY:NIFTY19JUN25CE24700@168.85,462.5,71.06,391.44
ThreePMV2CallLevelStop,2025-06-19,2025-06-16 15:16:00,2025-06-17 09:16:00,entry,spot_level_stop,BUY:NIFTY19JUN25CE24950@143.3,-1050.0,64.44,-1114.44
ThreePMV2CallLevelStop,2025-06-19,2025-06-17 15:16:00,2025-06-18 09:16:00,entry,spot_level_stop,BUY:NIFTY19JUN25CE24850@100.45,-1125.0,58.47,-1183.47
ThreePMV2CallLevelStop,2025-06-19,2025-06-18 15:16:00,2025-06-19 09:16:00,entry,spot_level_stop,BUY:NIFTY19JUN25CE24800@78.5,-1177.5,55.39,-1232.89
ThreePMV2CallLevelStop,2025-06-26,2025-06-20 15:16:00,2025-06-23 09:16:00,entry,spot_level_stop,BUY:NIFTY26JUN25CE25100@160.85,-3745.0,61.19,-3806.19
ThreePMV2CallLevelStop,2025-06-26,2025-06-23 15:16:00,2025-06-24 09:16:00,entry,target,BUY:NIFTY26JUN25CE25000@135.65,7700.0,81.7,7618.3
ThreePMV2CallLevelStop,2025-06-26,2025-06-24 15:16:00,2025-06-25 09:15:00,entry,next_day_open,BUY:NIFTY26JUN25CE25050@128.4,50.0,64.72,-14.72
ThreePMV2CallLevelStop,2025-06-26,2025-06-25 15:16:00,2025-06-26 09:15:00,entry,next_day_open,BUY:NIFTY26JUN25CE25250@65.85,195.0,56.54,138.46
ThreePMV2CallLevelStop,2025-07-03,2025-07-02 15:16:00,2025-07-03 09:15:00,entry,next_day_open,BUY:NIFTY03JUL25CE25450@65.5,212.5,56.52,155.98
ThreePMV2CallLevelStop,2025-07-10,2025-07-04 15:16:00,2025-07-07 09:16:00,entry,spot_level_stop,BUY:NIFTY10JUL25CE25450@148.25,-1562.5,64.03,-1626.53
ThreePMV2CallLevelStop,2025-07-17,2025-07-11 15:16:00,2025-07-14 09:16:00,entry,spot_level_stop,BUY:NIFTY17JUL25CE25150@144.95,-2272.5,62.1,-2334.6
ThreePMV2CallLevelStop,2025-07-24,2025-07-21 15:16:00,2025-07-22 09:15:00,entry,next_day_open,BUY:NIFTY24JUL25CE25100@94.35,817.5,61.7,755.8
ThreePMV2CallLevelStop,2025-07-24,2025-07-23 15:16:00,2025-07-24 09:16:00,entry,spot_level_stop,BUY:NIFTY24JUL25CE25250@39.6,-720.0,51.06,-771.06
ThreePMV2CallLevelStop,2025-07-31,2025-07-24 15:16:00,2025-07-25 09:16:00,entry,spot_level_stop,BUY:NIFTY31JUL25CE25050@149.1,-3212.5,60.7,-3273.2
ThreePMV2CallLevelStop,2025-07-31,2025-07-30 15:16:00,2025-07-31 09:16:00,entry,spot_level_stop,BUY:NIFTY31JUL25CE24850@71.05,-3015.0,50.53,-3065.53
ThreePMV2CallLevelStop,2025-08-07,2025-08-06 15:16:00,2025-08-07 09:16:00,entry,spot_level_stop,BUY:NIFTY07AUG25CE24550@86.4,-2710.0,53.25,-2763.25
ThreePMV2CallLevelStop,2025-08-14,2025-08-11 15:16:00,2025-08-12 09:16:00,entry,spot_level_stop,BUY:NIFTY14AUG25CE24600@89.1,-150.0,58.97,-208.97
ThreePMV2CallLevelStop,2025-09-09,2025-09-03 15:16:00,2025-09-04 09:16:00,entry,target,BUY:NIFTY09SEP25CE24700@131.2,5237.5,75.94,5161.56
ThreePMV2CallLevelStop,2025-09-09,2025-09-04 15:16:00,2025-09-05 09:15:00,entry,next_day_open,BUY:NIFTY09SEP25CE24700@126.8,467.5,65.38,402.12
ThreePMV2CallLevelStop,2025-09-16,2025-09-09 15:16:00,2025-09-10 09:15:00,entry,next_day_open,BUY:NIFTY16SEP25CE24850@149.6,2565.0,72.86,2492.14
ThreePMV2CallLevelStop,2025-09-16,2025-09-15 15:16:00,2025-09-16 09:16:00,entry,spot_level_stop,BUY:NIFTY16SEP25CE25050@79.05,-700.0,56.46,-756.46
ThreePMV2CallLevelStop,2025-09-23,2025-09-16 15:16:00,2025-09-17 09:15:00,entry,next_day_open,BUY:NIFTY23SEP25CE25250@145.65,1190.0,69.44,1120.56
ThreePMV2CallLevelStop,2025-09-30,2025-09-23 15:16:00,2025-09-24 09:16:00,entry,spot_level_stop,BUY:NIFTY30SEP25CE25150@189.1,-3707.5,65.09,-3772.59
ThreePMV2CallLevelStop,2025-10-28,2025-10-27 15:16:00,2025-10-28 09:16:00,entry,spot_level_stop,BUY:NIFTY28OCT25CE25950@105.35,390.0,62.3,327.7
ThreePMV2CallLevelStop,2025-11-18,2025-11-14 15:16:00,2025-11-17 09:15:00,entry,next_day_open,BUY:NIFTY18NOV25CE25950@96.95,165.0,60.69,104.31
ThreePMV2CallLevelStop,2025-11-18,2025-11-17 15:16:00,2025-11-18 09:16:00,entry,spot_level_stop,BUY:NIFTY18NOV25CE26000@72.8,-1882.5,53.14,-1935.64
ThreePMV2CallLevelStop,2025-11-25,2025-11-19 15:16:00,2025-11-20 09:15:00,entry,next_day_open,BUY:NIFTY25NOV25CE26050@152.95,1222.5,70.5,1152.0
ThreePMV2CallLevelStop,2025-12-02,2025-11-26 15:16:00,2025-11-27 09:15:00,entry,next_day_open,BUY:NIFTY02DEC25CE26200@145.05,1220.0,69.43,1150.57
ThreePMV2CallLevelStop,2025-12-02,2025-12-01 15:16:00,2025-12-02 09:16:00,entry,spot_level_stop,BUY:NIFTY02DEC25CE26150@84.85,-2112.5,54.29,-2166.79
ThreePMV2CallLevelStop,2025-12-09,2025-12-02 15:16:00,2025-12-03 09:16:00,entry,spot_level_stop,BUY:NIFTY09DEC25CE26050@171.75,-1692.5,66.95,-1759.45
ThreePMV2CallLevelStop,2025-12-09,2025-12-03 15:16:00,2025-12-04 09:16:00,entry,spot_level_stop,BUY:NIFTY09DEC25CE26000@137.5,-1702.5,62.29,-1764.79
ThreePMV2CallLevelStop,2025-12-09,2025-12-04 15:16:00,2025-12-05 09:16:00,entry,spot_level_stop,BUY:NIFTY09DEC25CE26050@113.2,-200.0,62.14,-262.14
ThreePMV2CallLevelStop,2025-12-09,2025-12-08 15:16:00,2025-12-09 09:16:00,entry,spot_level_stop,BUY:NIFTY09DEC25CE25950@62.5,-1990.0,51.51,-2041.51
ThreePMV2CallLevelStop,2025-12-16,2025-12-12 15:16:00,2025-12-15 09:16:00,entry,spot_level_stop,BUY:NIFTY16DEC25CE26050@80.8,-1942.5,54.1,-1996.6
ThreePMV2CallLevelStop,2025-12-23,2025-12-17 15:16:00,2025-12-18 09:16:00,entry,spot_level_stop,BUY:NIFTY23DEC25CE25800@145.0,-1632.5,63.45,-1695.95
ThreePMV2CallLevelStop,2025-12-23,2025-12-18 15:16:00,2025-12-19 09:16:00,entry,target,BUY:NIFTY23DEC25CE25800@121.85,2575.0,69.11,2505.89
ThreePMV2CallLevelStop,2025-12-23,2025-12-22 15:16:00,2025-12-23 09:16:00,entry,spot_level_stop,BUY:NIFTY23DEC25CE26150@54.85,-32.5,54.57,-87.07
ThreePMV2CallLevelStop,2025-12-30,2025-12-23 15:16:00,2025-12-24 09:16:00,entry,spot_level_stop,BUY:NIFTY30DEC25CE26200@112.8,-880.0,60.65,-940.65
ThreePMV2CallLevelStop,2025-12-30,2025-12-24 15:16:00,2025-12-26 09:16:00,entry,spot_level_stop,BUY:NIFTY30DEC25CE26150@99.65,-1755.0,57.05,-1812.05
ThreePMV2CallLevelStop,2025-12-30,2025-12-26 15:16:00,2025-12-29 09:15:00,entry,next_day_open,BUY:NIFTY30DEC25CE26050@69.8,-115.0,56.43,-171.43
ThreePMV2CallLevelStop,2025-12-30,2025-12-29 15:16:00,2025-12-30 09:16:00,entry,spot_level_stop,BUY:NIFTY30DEC25CE25950@51.4,-1450.0,51.14,-1501.14
ThreePMV2CallLevelStop,2026-01-06,2026-01-02 15:16:00,2026-01-05 09:16:00,entry,spot_level_stop,BUY:NIFTY06JAN26CE26300@79.5,42.5,58.07,-15.57
ThreePMV2CallLevelStop,2026-01-13,2026-01-06 15:16:00,2026-01-07 09:16:00,entry,spot_level_stop,BUY:NIFTY13JAN26CE26200@113.8,-1582.5,59.32,-1641.82
ThreePMV2CallLevelStop,2026-01-13,2026-01-07 15:16:00,2026-01-08 09:16:00,entry,spot_level_stop,BUY:NIFTY13JAN26CE26150@102.25,-1302.5,58.35,-1360.85
ThreePMV2CallLevelStop,2026-01-27,2026-01-21 15:16:00,2026-01-22 09:16:00,entry,target,BUY:NIFTY27JAN26CE25150@164.55,5092.5,80.16,5012.34
ThreePMV2CallLevelStop,2026-02-10,2026-02-05 15:16:00,2026-02-06 09:16:00,entry,spot_level_stop,BUY:NIFTY10FEB26CE25650@134.65,-1805.0,61.68,-1866.68
ThreePMV2CallLevelStop,2026-02-10,2026-02-06 15:16:00,2026-02-09 09:16:00,entry,target,BUY:NIFTY10FEB26CE25700@91.0,4805.0,69.59,4735.41
ThreePMV2CallLevelStop,2026-02-17,2026-02-11 15:16:00,2026-02-12 09:16:00,entry,spot_level_stop,BUY:NIFTY17FEB26CE25950@133.15,-2257.5,60.54,-2318.04
ThreePMV2CallLevelStop,2026-02-17,2026-02-16 15:16:00,2026-02-17 09:16:00,entry,spot_level_stop,BUY:NIFTY17FEB26CE25700@73.15,-2770.0,51.33,-2821.33
ThreePMV2CallLevelStop,2026-02-24,2026-02-17 15:16:00,2026-02-18 09:16:00,entry,spot_level_stop,BUY:NIFTY24FEB26CE25750@152.5,-942.5,65.91,-1008.41
ThreePMV2CallLevelStop,2026-03-02,2026-02-24 15:16:00,2026-02-25 09:15:00,entry,next_day_open,BUY:NIFTY02MAR26CE25400@213.1,1247.5,78.71,1168.79
ThreePMV2CallLevelStop,2026-03-10,2026-03-02 15:16:00,2026-03-04 09:16:00,entry,spot_level_stop,BUY:NIFTY10MAR26C24900@273.75,-8732.5,66.06,-8798.56
ThreePMV2CallLevelStop,2026-03-10,2026-03-06 15:16:00,2026-03-10 09:16:00,entry,spot_level_stop,BUY:NIFTY10MAR26C24400@255.5,-11400.0,58.02,-11458.02
ThreePMV2CallLevelStop,2026-03-17,2026-03-11 15:16:00,2026-03-12 09:16:00,entry,spot_level_stop,BUY:NIFTY17MAR26C23850@317.35,-7195.0,75.2,-7270.2
ThreePMV2CallLevelStop,2026-03-17,2026-03-13 15:16:00,2026-03-16 09:16:00,entry,spot_level_stop,BUY:NIFTY17MAR26C23150@241.7,-3077.5,73.55,-3151.05
ThreePMV2CallLevelStop,2026-03-24,2026-03-19 15:16:00,2026-03-20 09:16:00,entry,target,BUY:NIFTY24MAR26C23000@265.55,4925.0,93.51,4831.49
ThreePMV2CallLevelStop,2026-04-07,2026-04-06 15:16:00,2026-04-07 09:16:00,entry,spot_level_stop,BUY:NIFTY07APR26C23000@172.7,-7610.0,54.7,-7664.7
ThreePMV2CallLevelStop,2026-04-13,2026-04-10 15:16:00,2026-04-13 09:16:00,entry,spot_level_stop,BUY:NIFTY13APR26C24050@148.35,-7262.5,52.13,-7314.63
ThreePMV2CallLevelStop,2026-04-21,2026-04-20 15:16:00,2026-04-21 09:16:00,entry,spot_level_stop,BUY:NIFTY21APR26C24350@122.65,-197.5,63.42,-260.92
