strategy,expiry,entry_date,entry_time,exit_date,exit_time,entry_reason,exit_reason,dte_at_entry,day_of_week,exit_hour,lot_size,legs,gross_pnl,charges,net_pnl,trade_count
ThreePMV2Put,2021-01-07,2021-01-05,2021-01-05 15:16:00,2021-01-06,2021-01-06 09:15:00,entry,next_day_open,2,Tuesday,9,75,BUY:NIFTY_DHAN_14050PE@35.9,-641.25,51.11,-692.36,1
ThreePMV2Put,2021-01-14,2021-01-08,2021-01-08 15:16:00,2021-01-11,2021-01-11 09:15:00,entry,next_day_open,6,Friday,9,75,BUY:NIFTY_DHAN_14250PE@78.4,-1845.0,55.25,-1900.25,1
ThreePMV2Put,2021-01-14,2021-01-11,2021-01-11 15:16:00,2021-01-12,2021-01-12 09:15:00,entry,next_day_open,3,Monday,9,75,BUY:NIFTY_DHAN_14450PE@94.65,420.0,59.81,360.19,1
ThreePMV2Put,2021-01-14,2021-01-12,2021-01-12 15:16:00,2021-01-13,2021-01-13 09:15:00,entry,next_day_open,2,Tuesday,9,75,BUY:NIFTY_DHAN_14450PE@40.0,-761.25,51.5,-812.75,1
ThreePMV2Put,2021-02-04,2021-02-02,2021-02-02 15:16:00,2021-02-03,2021-02-03 09:15:00,entry,next_day_open,2,Tuesday,9,75,BUY:NIFTY_DHAN_14500PE@45.2,-1522.5,51.35,-1573.85,1
ThreePMV2Put,2021-02-18,2021-02-15,2021-02-15 15:16:00,2021-02-16,2021-02-16 09:15:00,entry,next_day_open,3,Monday,9,75,BUY:NIFTY_DHAN_15300PE@85.65,-746.25,57.39,-803.64,1
ThreePMV2Put,2021-02-25,2021-02-23,2021-02-23 15:16:00,2021-02-24,2021-02-24 09:15:00,entry,next_day_open,2,Tuesday,9,75,BUY:NIFTY_DHAN_14750PE@111.45,-2058.75,59.26,-2118.01,1
ThreePMV2Put,2021-03-10,2021-03-09,2021-03-09 15:16:00,2021-03-10,2021-03-10 09:16:00,entry,stop_loss,1,Tuesday,9,75,BUY:NIFTY_DHAN_15100PE@62.5,-3603.75,51.29,-3655.04,1
ThreePMV2Put,2021-03-25,2021-03-19,2021-03-19 15:16:00,2021-03-22,2021-03-22 09:15:00,entry,next_day_open,6,Friday,9,75,BUY:NIFTY_DHAN_14500PE@87.7,-603.75,57.81,-661.56,1
ThreePMV2Put,2021-03-25,2021-03-23,2021-03-23 15:16:00,2021-03-24,2021-03-24 09:16:00,entry,time_exit,2,Tuesday,9,75,BUY:NIFTY_DHAN_14800PE@80.95,3517.5,61.43,3456.07,1
ThreePMV2Put,2021-04-15,2021-04-13,2021-04-13 15:16:00,2021-04-15,2021-04-15 09:16:00,entry,next_day_open,2,Tuesday,9,75,BUY:NIFTY_DHAN_14400PE@43.05,-1623.75,50.96,-1674.71,1
ThreePMV2Put,2021-04-22,2021-04-19,2021-04-19 15:16:00,2021-04-20,2021-04-20 09:16:00,entry,stop_loss,3,Monday,9,75,BUY:NIFTY_DHAN_14300PE@108.95,-4950.0,55.79,-5005.79,1
ThreePMV2Put,2021-04-29,2021-04-28,2021-04-28 15:16:00,2021-04-29,2021-04-29 09:16:00,entry,stop_loss,1,Wednesday,9,75,BUY:NIFTY_DHAN_14700PE@25.05,-1631.25,48.64,-1679.89,1
ThreePMV2Put,2021-05-06,2021-05-05,2021-05-05 15:16:00,2021-05-06,2021-05-06 09:16:00,entry,stop_loss,1,Wednesday,9,75,BUY:NIFTY_DHAN_14550PE@43.65,-1923.75,50.7,-1974.45,1
ThreePMV2Put,2021-05-12,2021-05-10,2021-05-10 15:16:00,2021-05-11,2021-05-11 09:16:00,entry,target,2,Monday,9,75,BUY:NIFTY_DHAN_14900PE@76.1,4151.25,61.51,4089.74,1
ThreePMV2Put,2021-06-10,2021-06-07,2021-06-07 15:16:00,2021-06-08,2021-06-08 09:15:00,entry,next_day_open,3,Monday,9,75,BUY:NIFTY_DHAN_15700PE@60.5,-78.75,54.89,-133.64,1
ThreePMV2Put,2021-06-17,2021-06-15,2021-06-15 15:16:00,2021-06-16,2021-06-16 09:15:00,entry,next_day_open,2,Tuesday,9,75,BUY:NIFTY_DHAN_15850PE@58.05,855.0,55.58,799.42,1
ThreePMV2Put,2021-07-15,2021-07-12,2021-07-12 15:16:00,2021-07-13,2021-07-13 09:16:00,entry,stop_loss,3,Monday,9,50,BUY:NIFTY_DHAN_15750PE@97.6,-2480.0,52.85,-2532.85,1
ThreePMV2Put,2021-07-15,2021-07-13,2021-07-13 15:16:00,2021-07-14,2021-07-14 09:15:00,entry,next_day_open,2,Tuesday,9,50,BUY:NIFTY_DHAN_15750PE@29.15,285.0,50.01,234.99,1
ThreePMV2Put,2021-07-15,2021-07-14,2021-07-14 15:16:00,2021-07-15,2021-07-15 09:15:00,entry,next_day_open,1,Wednesday,9,50,BUY:NIFTY_DHAN_15800PE@20.5,-287.5,48.64,-336.14,1
ThreePMV2Put,2021-07-22,2021-07-16,2021-07-16 15:16:00,2021-07-19,2021-07-19 09:16:00,entry,target,6,Friday,9,50,BUY:NIFTY_DHAN_15950PE@87.05,3530.0,58.5,3471.5,1
ThreePMV2Put,2021-07-29,2021-07-28,2021-07-28 15:16:00,2021-07-29,2021-07-29 09:16:00,entry,stop_loss,1,Wednesday,9,50,BUY:NIFTY_DHAN_15700PE@42.9,-1405.0,49.34,-1454.34,1
ThreePMV2Put,2021-08-05,2021-08-02,2021-08-02 15:16:00,2021-08-03,2021-08-03 09:15:00,entry,next_day_open,3,Monday,9,50,BUY:NIFTY_DHAN_15850PE@55.35,-50.0,51.89,-101.89,1
ThreePMV2Put,2021-08-05,2021-08-04,2021-08-04 15:16:00,2021-08-05,2021-08-05 09:15:00,entry,next_day_open,1,Wednesday,9,50,BUY:NIFTY_DHAN_16200PE@23.3,-85.0,49.1,-134.1,1
ThreePMV2Put,2021-08-12,2021-08-10,2021-08-10 15:16:00,2021-08-11,2021-08-11 09:15:00,entry,next_day_open,2,Tuesday,9,50,BUY:NIFTY_DHAN_16300PE@75.05,-815.0,52.74,-867.74,1
ThreePMV2Put,2021-08-26,2021-08-20,2021-08-20 15:16:00,2021-08-23,2021-08-23 09:16:00,entry,stop_loss,6,Friday,9,50,BUY:NIFTY_DHAN_16450PE@100.3,-2850.0,52.68,-2902.68,1
ThreePMV2Put,2021-08-26,2021-08-23,2021-08-23 15:16:00,2021-08-24,2021-08-24 09:15:00,entry,next_day_open,3,Monday,9,50,BUY:NIFTY_DHAN_16550PE@107.9,-1010.0,55.33,-1065.33,1
ThreePMV2Put,2021-09-02,2021-08-27,2021-08-27 15:16:00,2021-08-30,2021-08-30 09:15:00,entry,next_day_open,6,Friday,9,50,BUY:NIFTY_DHAN_16650PE@72.9,-1360.0,51.95,-1411.95,1
ThreePMV2Put,2021-09-02,2021-08-30,2021-08-30 15:16:00,2021-08-31,2021-08-31 09:15:00,entry,next_day_open,3,Monday,9,50,BUY:NIFTY_DHAN_16800PE@36.65,-195.0,50.13,-245.13,1
ThreePMV2Put,2021-09-02,2021-09-01,2021-09-01 15:16:00,2021-09-02,2021-09-02 09:15:00,entry,next_day_open,1,Wednesday,9,50,BUY:NIFTY_DHAN_17150PE@86.4,187.5,54.8,132.7,1
ThreePMV2Put,2021-09-09,2021-09-07,2021-09-07 15:16:00,2021-09-08,2021-09-08 09:15:00,entry,next_day_open,2,Tuesday,9,50,BUY:NIFTY_DHAN_17400PE@91.1,-220.0,54.76,-274.76,1
ThreePMV2Put,2021-09-16,2021-09-13,2021-09-13 15:16:00,2021-09-14,2021-09-14 09:15:00,entry,next_day_open,3,Monday,9,50,BUY:NIFTY_DHAN_17300PE@57.2,-697.5,51.34,-748.84,1
ThreePMV2Put,2021-09-30,2021-09-24,2021-09-24 15:16:00,2021-09-27,2021-09-27 09:15:00,entry,next_day_open,6,Friday,9,50,BUY:NIFTY_DHAN_17900PE@141.15,-2125.0,56.96,-2181.96,1
ThreePMV2Put,2021-09-30,2021-09-27,2021-09-27 15:16:00,2021-09-28,2021-09-28 09:15:00,entry,next_day_open,3,Monday,9,50,BUY:NIFTY_DHAN_17900PE@122.4,-397.5,57.24,-454.74,1
ThreePMV2Put,2021-10-07,2021-10-01,2021-10-01 15:16:00,2021-10-04,2021-10-04 09:15:00,entry,next_day_open,6,Friday,9,50,BUY:NIFTY_DHAN_17500PE@119.45,-790.0,56.57,-846.57,1
ThreePMV2Put,2021-10-07,2021-10-04,2021-10-04 15:16:00,2021-10-05,2021-10-05 09:15:00,entry,next_day_open,3,Monday,9,50,BUY:NIFTY_DHAN_17600PE@54.65,555.0,52.49,502.51,1
ThreePMV2Put,2021-10-07,2021-10-05,2021-10-05 15:16:00,2021-10-06,2021-10-06 09:15:00,entry,next_day_open,2,Tuesday,9,50,BUY:NIFTY_DHAN_17650PE@24.45,-177.5,49.1,-226.6,1
ThreePMV2Put,2021-10-07,2021-10-06,2021-10-06 15:16:00,2021-10-07,2021-10-07 09:16:00,entry,stop_loss,1,Wednesday,9,50,BUY:NIFTY_DHAN_17850PE@212.75,-5545.0,59.37,-5604.37,1
ThreePMV2Put,2021-10-21,2021-10-18,2021-10-18 15:16:00,2021-10-19,2021-10-19 09:15:00,entry,next_day_open,3,Monday,9,50,BUY:NIFTY_DHAN_18450PE@85.65,-1195.0,53.23,-1248.23,1
ThreePMV2Put,2021-11-11,2021-11-10,2021-11-10 15:16:00,2021-11-11,2021-11-11 09:15:00,entry,next_day_open,1,Wednesday,9,50,BUY:NIFTY_DHAN_17950PE@42.35,300.0,51.16,248.84,1
ThreePMV2Put,2021-11-18,2021-11-12,2021-11-12 15:16:00,2021-11-15,2021-11-15 09:15:00,entry,next_day_open,6,Friday,9,50,BUY:NIFTY_DHAN_17950PE@53.6,-455.0,51.29,-506.29,1
ThreePMV2Put,2021-11-18,2021-11-16,2021-11-16 15:16:00,2021-11-17,2021-11-17 09:15:00,entry,next_day_open,2,Tuesday,9,50,BUY:NIFTY_DHAN_18100PE@140.8,1435.0,60.82,1374.18,1
ThreePMV2Put,2021-11-18,2021-11-17,2021-11-17 15:16:00,2021-11-18,2021-11-18 09:15:00,entry,next_day_open,1,Wednesday,9,50,BUY:NIFTY_DHAN_17950PE@84.6,5.0,54.45,-49.45,1
ThreePMV2Put,2021-12-02,2021-11-30,2021-11-30 15:16:00,2021-12-01,2021-12-01 09:16:00,entry,stop_loss,2,Tuesday,9,50,BUY:NIFTY_DHAN_17100PE@173.1,-4817.5,56.77,-4874.27,1
ThreePMV2Put,2021-12-16,2021-12-15,2021-12-15 15:16:00,2021-12-16,2021-12-16 09:16:00,entry,stop_loss,1,Wednesday,9,50,BUY:NIFTY_DHAN_17350PE@145.4,-4507.5,54.73,-4562.23,1
ThreePMV2Put,2021-12-23,2021-12-17,2021-12-17 15:16:00,2021-12-20,2021-12-20 09:16:00,entry,time_exit,6,Friday,9,50,BUY:NIFTY_DHAN_17250PE@300.0,8495.0,82.16,8412.84,1
ThreePMV2Put,2021-12-30,2021-12-24,2021-12-24 15:16:00,2021-12-27,2021-12-27 09:15:00,entry,next_day_open,6,Friday,9,50,BUY:NIFTY_DHAN_17100PE@177.85,1325.0,63.87,1261.13,1
ThreePMV2Put,2021-12-30,2021-12-28,2021-12-28 15:16:00,2021-12-29,2021-12-29 09:15:00,entry,next_day_open,2,Tuesday,9,50,BUY:NIFTY_DHAN_17200PE@61.95,-110.0,52.38,-162.38,1
ThreePMV2Put,2022-01-06,2022-01-03,2022-01-03 15:16:00,2022-01-04,2022-01-04 09:15:00,entry,next_day_open,3,Monday,9,50,BUY:NIFTY_DHAN_17450PE@44.25,-367.5,50.73,-418.23,1
ThreePMV2Put,2022-01-06,2022-01-05,2022-01-05 15:16:00,2022-01-06,2022-01-06 09:16:00,entry,target,1,Wednesday,9,50,BUY:NIFTY_DHAN_17800PE@14.7,1332.5,50.01,1282.49,1
ThreePMV2Put,2022-01-13,2022-01-11,2022-01-11 15:16:00,2022-01-12,2022-01-12 09:16:00,entry,stop_loss,2,Tuesday,9,50,BUY:NIFTY_DHAN_18050PE@93.45,-3037.5,52.11,-3089.61,1
ThreePMV2Put,2022-01-20,2022-01-19,2022-01-19 15:16:00,2022-01-20,2022-01-20 09:15:00,entry,next_day_open,1,Wednesday,9,50,BUY:NIFTY_DHAN_18050PE@112.8,600.0,57.93,542.07,1
ThreePMV2Put,2022-02-10,2022-02-04,2022-02-04 15:16:00,2022-02-07,2022-02-07 09:15:00,entry,next_day_open,6,Friday,9,50,BUY:NIFTY_DHAN_17550PE@172.2,610.0,63.24,546.76,1
ThreePMV2Put,2022-02-10,2022-02-07,2022-02-07 15:16:00,2022-02-08,2022-02-08 09:15:00,entry,next_day_open,3,Monday,9,50,BUY:NIFTY_DHAN_17500PE@327.2,-2502.5,73.55,-2576.05,1
ThreePMV2Put,2022-02-10,2022-02-08,2022-02-08 15:16:00,2022-02-09,2022-02-09 09:16:00,entry,time_exit,2,Tuesday,9,50,BUY:NIFTY_DHAN_17300PE@112.4,-3037.5,53.8,-3091.3,1
ThreePMV2Put,2022-02-17,2022-02-11,2022-02-11 15:16:00,2022-02-14,2022-02-14 09:16:00,entry,target,6,Friday,9,50,BUY:NIFTY_DHAN_17400PE@160.95,11710.0,74.74,11635.26,1
ThreePMV2Put,2022-02-17,2022-02-16,2022-02-16 15:16:00,2022-02-17,2022-02-17 09:16:00,entry,stop_loss,1,Wednesday,9,50,BUY:NIFTY_DHAN_17450PE@166.95,-4580.0,56.92,-4636.92,1
ThreePMV2Put,2022-02-24,2022-02-18,2022-02-18 15:16:00,2022-02-21,2022-02-21 09:15:00,entry,next_day_open,6,Friday,9,50,BUY:NIFTY_DHAN_17250PE@180.95,870.0,64.31,805.69,1
ThreePMV2Put,2022-03-03,2022-02-28,2022-02-28 15:16:00,2022-03-02,2022-03-02 09:15:00,entry,next_day_open,3,Monday,9,50,BUY:NIFTY_DHAN_16450PE@133.15,-127.5,58.93,-186.43,1
ThreePMV2Put,2022-03-10,2022-03-04,2022-03-04 15:16:00,2022-03-07,2022-03-07 09:16:00,entry,target,6,Friday,9,50,BUY:NIFTY_DHAN_16300PE@285.95,9265.0,83.14,9181.86,1
ThreePMV2Put,2022-03-10,2022-03-08,2022-03-08 15:16:00,2022-03-09,2022-03-09 09:15:00,entry,next_day_open,2,Tuesday,9,50,BUY:NIFTY_DHAN_15850PE@127.7,-1490.0,56.9,-1546.9,1
ThreePMV2Put,2022-03-17,2022-03-14,2022-03-14 15:16:00,2022-03-15,2022-03-15 09:15:00,entry,next_day_open,3,Monday,9,50,BUY:NIFTY_DHAN_16700PE@144.55,-1197.5,58.74,-1256.24,1
ThreePMV2Put,2022-03-17,2022-03-16,2022-03-16 15:16:00,2022-03-17,2022-03-17 09:16:00,entry,stop_loss,1,Wednesday,9,50,BUY:NIFTY_DHAN_16900PE@91.75,-4262.5,50.58,-4313.08,1
ThreePMV2Put,2022-03-24,2022-03-23,2022-03-23 15:16:00,2022-03-24,2022-03-24 09:15:00,entry,next_day_open,1,Wednesday,9,50,BUY:NIFTY_DHAN_17450PE@223.7,5897.5,73.78,5823.72,1
ThreePMV2Put,2022-03-31,2022-03-30,2022-03-30 15:16:00,2022-03-31,2022-03-31 09:16:00,entry,time_exit,1,Wednesday,9,50,BUY:NIFTY_DHAN_17400PE@28.95,-745.0,48.94,-793.94,1
ThreePMV2Put,2022-04-07,2022-04-04,2022-04-04 15:16:00,2022-04-05,2022-04-05 09:15:00,entry,next_day_open,3,Monday,9,50,BUY:NIFTY_DHAN_17900PE@50.55,-152.5,51.54,-204.04,1
ThreePMV2Put,2022-04-07,2022-04-06,2022-04-06 15:16:00,2022-04-07,2022-04-07 09:16:00,entry,time_exit,1,Wednesday,9,50,BUY:NIFTY_DHAN_17850PE@82.3,2245.0,57.07,2187.93,1
ThreePMV2Put,2022-04-28,2022-04-22,2022-04-22 15:16:00,2022-04-25,2022-04-25 09:16:00,entry,target,6,Friday,9,50,BUY:NIFTY_DHAN_17250PE@187.5,7145.0,71.97,7073.03,1
ThreePMV2Put,2022-05-05,2022-05-02,2022-05-02 15:16:00,2022-05-04,2022-05-04 09:15:00,entry,next_day_open,3,Monday,9,50,BUY:NIFTY_DHAN_16950PE@75.35,-230.0,53.66,-283.66,1
ThreePMV2Put,2022-05-26,2022-05-20,2022-05-20 15:16:00,2022-05-23,2022-05-23 09:15:00,entry,next_day_open,6,Friday,9,50,BUY:NIFTY_DHAN_16050PE@105.25,-1105.0,55.34,-1160.34,1
ThreePMV2Put,2022-06-02,2022-06-01,2022-06-01 15:16:00,2022-06-02,2022-06-02 09:15:00,entry,next_day_open,1,Wednesday,9,50,BUY:NIFTY_DHAN_16600PE@120.7,1655.0,59.82,1595.18,1
ThreePMV2Put,2022-06-16,2022-06-10,2022-06-10 15:16:00,2022-06-13,2022-06-13 09:16:00,entry,target,6,Friday,9,50,BUY:NIFTY_DHAN_16300PE@195.45,14055.0,80.46,13974.54,1
ThreePMV2Put,2022-06-30,2022-06-28,2022-06-28 15:16:00,2022-06-29,2022-06-29 09:16:00,entry,target,2,Tuesday,9,50,BUY:NIFTY_DHAN_15750PE@67.9,2592.5,56.18,2536.32,1
ThreePMV2Put,2022-07-14,2022-07-08,2022-07-08 15:16:00,2022-07-11,2022-07-11 09:15:00,entry,next_day_open,6,Friday,9,50,BUY:NIFTY_DHAN_16250PE@149.15,1562.5,62.26,1500.24,1
ThreePMV2Put,2022-07-21,2022-07-18,2022-07-18 15:16:00,2022-07-19,2022-07-19 09:15:00,entry,next_day_open,3,Monday,9,50,BUY:NIFTY_DHAN_16200PE@61.5,852.5,53.64,798.86,1
ThreePMV2Put,2022-07-28,2022-07-22,2022-07-22 15:16:00,2022-07-25,2022-07-25 09:15:00,entry,next_day_open,6,Friday,9,50,BUY:NIFTY_DHAN_16700PE@117.15,417.5,58.12,359.38,1
ThreePMV2Put,2022-07-28,2022-07-26,2022-07-26 15:16:00,2022-07-27,2022-07-27 09:15:00,entry,next_day_open,2,Tuesday,9,50,BUY:NIFTY_DHAN_16600PE@149.6,747.5,61.38,686.12,1
ThreePMV2Put,2022-08-04,2022-08-02,2022-08-02 15:16:00,2022-08-03,2022-08-03 09:15:00,entry,next_day_open,2,Tuesday,9,50,BUY:NIFTY_DHAN_17300PE@74.95,-20.0,53.86,-73.86,1
ThreePMV2Put,2022-08-04,2022-08-03,2022-08-03 15:16:00,2022-08-04,2022-08-04 09:16:00,entry,stop_loss,1,Wednesday,9,50,BUY:NIFTY_DHAN_17350PE@51.85,-1892.5,49.69,-1942.19,1
ThreePMV2Put,2022-08-11,2022-08-05,2022-08-05 15:16:00,2022-08-08,2022-08-08 09:15:00,entry,next_day_open,6,Friday,9,50,BUY:NIFTY_DHAN_17400PE@147.85,-887.5,59.38,-946.88,1
ThreePMV2Put,2022-08-11,2022-08-10,2022-08-10 15:16:00,2022-08-11,2022-08-11 09:16:00,entry,stop_loss,1,Wednesday,9,50,BUY:NIFTY_DHAN_17550PE@86.8,-3717.5,50.75,-3768.25,1
ThreePMV2Put,2022-08-18,2022-08-16,2022-08-16 15:16:00,2022-08-17,2022-08-17 09:15:00,entry,next_day_open,2,Tuesday,9,50,BUY:NIFTY_DHAN_17800PE@65.0,-350.0,52.6,-402.6,1
ThreePMV2Put,2022-08-18,2022-08-17,2022-08-17 15:16:00,2022-08-18,2022-08-18 09:15:00,entry,next_day_open,1,Wednesday,9,50,BUY:NIFTY_DHAN_17850PE@27.25,2.5,49.63,-47.13,1
ThreePMV2Put,2022-09-01,2022-08-30,2022-08-30 15:16:00,2022-09-01,2022-09-01 09:16:00,entry,target,2,Tuesday,9,50,BUY:NIFTY_DHAN_17450PE@20.35,815.0,49.93,765.07,1
ThreePMV2Put,2022-09-08,2022-09-05,2022-09-05 15:16:00,2022-09-06,2022-09-06 09:15:00,entry,next_day_open,3,Monday,9,50,BUY:NIFTY_DHAN_17600PE@96.45,-787.5,54.92,-842.42,1
ThreePMV2Put,2022-09-15,2022-09-12,2022-09-12 15:16:00,2022-09-13,2022-09-13 09:15:00,entry,next_day_open,3,Monday,9,50,BUY:NIFTY_DHAN_17900PE@94.5,-1737.5,53.67,-1791.17,1
ThreePMV2Put,2022-09-15,2022-09-13,2022-09-13 15:16:00,2022-09-14,2022-09-14 09:16:00,entry,target,2,Tuesday,9,50,BUY:NIFTY_DHAN_18050PE@82.0,5417.5,60.61,5356.89,1
ThreePMV2Put,2022-09-22,2022-09-16,2022-09-16 15:16:00,2022-09-19,2022-09-19 09:15:00,entry,next_day_open,6,Friday,9,50,BUY:NIFTY_DHAN_17750PE@292.25,-295.0,72.92,-367.92,1
ThreePMV2Put,2022-10-20,2022-10-19,2022-10-19 15:16:00,2022-10-20,2022-10-20 09:15:00,entry,next_day_open,1,Wednesday,9,50,BUY:NIFTY_DHAN_17550PE@92.6,1595.0,57.25,1537.75,1
ThreePMV2Put,2022-11-03,2022-10-31,2022-10-31 15:16:00,2022-11-01,2022-11-01 09:16:00,entry,stop_loss,3,Monday,9,50,BUY:NIFTY_DHAN_17950PE@81.25,-2120.0,52.06,-2172.06,1
ThreePMV2Put,2022-11-10,2022-11-04,2022-11-04 15:16:00,2022-11-07,2022-11-07 09:16:00,entry,stop_loss,6,Friday,9,50,BUY:NIFTY_DHAN_18100PE@99.15,-2867.5,52.8,-2920.3,1
ThreePMV2Put,2022-11-10,2022-11-09,2022-11-09 15:16:00,2022-11-10,2022-11-10 09:16:00,entry,target,1,Wednesday,9,50,BUY:NIFTY_DHAN_18250PE@113.05,3242.5,60.93,3181.57,1
ThreePMV2Put,2022-11-17,2022-11-11,2022-11-11 15:16:00,2022-11-14,2022-11-14 09:15:00,entry,next_day_open,6,Friday,9,50,BUY:NIFTY_DHAN_18250PE@62.95,-435.0,52.33,-487.33,1
ThreePMV2Put,2022-12-08,2022-12-05,2022-12-05 15:16:00,2022-12-06,2022-12-06 09:16:00,entry,time_exit,3,Monday,9,50,BUY:NIFTY_DHAN_18700PE@72.4,2030.0,55.95,1974.05,1
ThreePMV2Put,2022-12-08,2022-12-06,2022-12-06 15:16:00,2022-12-07,2022-12-07 09:15:00,entry,next_day_open,2,Tuesday,9,50,BUY:NIFTY_DHAN_18650PE@63.4,-180.0,52.65,-232.65,1
ThreePMV2Put,2022-12-15,2022-12-09,2022-12-09 15:16:00,2022-12-12,2022-12-12 09:15:00,entry,next_day_open,6,Friday,9,50,BUY:NIFTY_DHAN_18650PE@165.45,1802.5,63.98,1738.52,1
ThreePMV2Put,2022-12-15,2022-12-13,2022-12-13 15:16:00,2022-12-14,2022-12-14 09:16:00,entry,stop_loss,2,Tuesday,9,50,BUY:NIFTY_DHAN_18500PE@36.3,-950.0,49.36,-999.36,1
ThreePMV2Put,2022-12-22,2022-12-16,2022-12-16 15:16:00,2022-12-19,2022-12-19 09:15:00,entry,next_day_open,6,Friday,9,50,BUY:NIFTY_DHAN_18350PE@140.25,-435.0,59.21,-494.21,1
ThreePMV2Put,2022-12-29,2022-12-28,2022-12-28 15:16:00,2022-12-29,2022-12-29 09:16:00,entry,target,1,Wednesday,9,50,BUY:NIFTY_DHAN_18100PE@43.1,1745.0,53.0,1692.0,1
ThreePMV2Put,2023-01-19,2023-01-13,2023-01-13 15:16:00,2023-01-16,2023-01-16 09:15:00,entry,next_day_open,6,Friday,9,50,BUY:NIFTY_DHAN_17850PE@60.75,-197.5,52.39,-249.89,1
ThreePMV2Put,2023-01-19,2023-01-17,2023-01-17 15:16:00,2023-01-18,2023-01-18 09:15:00,entry,next_day_open,2,Tuesday,9,50,BUY:NIFTY_DHAN_17900PE@23.4,-427.5,48.81,-476.31,1
ThreePMV2Put,2023-01-25,2023-01-23,2023-01-23 15:16:00,2023-01-24,2023-01-24 09:15:00,entry,next_day_open,2,Monday,9,50,BUY:NIFTY_DHAN_18100PE@42.25,-720.0,50.16,-770.16,1
ThreePMV2Put,2023-01-25,2023-01-24,2023-01-24 15:16:00,2023-01-25,2023-01-25 09:15:00,entry,next_day_open,1,Tuesday,9,50,BUY:NIFTY_DHAN_18150PE@58.65,430.0,52.92,377.08,1
ThreePMV2Put,2023-02-02,2023-01-30,2023-01-30 15:16:00,2023-01-31,2023-01-31 09:15:00,entry,next_day_open,3,Monday,9,50,BUY:NIFTY_DHAN_17450PE@80.4,-1032.5,53.21,-1085.71,1
ThreePMV2Put,2023-02-23,2023-02-22,2023-02-22 15:16:00,2023-02-23,2023-02-23 09:15:00,entry,next_day_open,1,Wednesday,9,50,BUY:NIFTY_DHAN_17750PE@194.55,-892.5,63.54,-956.04,1
ThreePMV2Put,2023-03-02,2023-02-24,2023-02-24 15:16:00,2023-02-27,2023-02-27 09:15:00,entry,next_day_open,6,Friday,9,50,BUY:NIFTY_DHAN_17600PE@170.1,-182.5,62.16,-244.66,1
ThreePMV2Put,2023-03-09,2023-03-08,2023-03-08 15:16:00,2023-03-09,2023-03-09 09:15:00,entry,next_day_open,1,Wednesday,9,50,BUY:NIFTY_DHAN_17650PE@14.55,-32.5,48.46,-80.96,1
ThreePMV2Put,2023-03-23,2023-03-17,2023-03-17 15:16:00,2023-03-20,2023-03-20 09:16:00,entry,target,6,Friday,9,50,BUY:NIFTY_DHAN_17100PE@96.15,3685.0,59.93,3625.07,1
ThreePMV2Put,2023-04-06,2023-04-05,2023-04-05 15:16:00,2023-04-06,2023-04-06 09:15:00,entry,next_day_open,1,Wednesday,9,50,BUY:NIFTY_DHAN_17400PE@9.4,-227.5,47.78,-275.28,1
ThreePMV2Put,2023-04-20,2023-04-18,2023-04-18 15:16:00,2023-04-19,2023-04-19 09:15:00,entry,next_day_open,2,Tuesday,9,50,BUY:NIFTY_DHAN_17750PE@99.35,-22.5,56.3,-78.8,1
ThreePMV2Put,2023-04-20,2023-04-19,2023-04-19 15:16:00,2023-04-20,2023-04-20 09:15:00,entry,next_day_open,1,Wednesday,9,50,BUY:NIFTY_DHAN_17650PE@57.8,-300.0,52.15,-352.15,1
ThreePMV2Put,2023-04-27,2023-04-21,2023-04-21 15:16:00,2023-04-24,2023-04-24 09:15:00,entry,next_day_open,6,Friday,9,50,BUY:NIFTY_DHAN_17650PE@75.0,-1205.0,52.63,-1257.63,1
ThreePMV2Put,2023-04-27,2023-04-24,2023-04-24 15:16:00,2023-04-25,2023-04-25 09:15:00,entry,next_day_open,3,Monday,9,50,BUY:NIFTY_DHAN_17650PE@25.1,20.0,49.53,-29.53,1
ThreePMV2Put,2023-05-04,2023-05-02,2023-05-02 15:16:00,2023-05-03,2023-05-03 09:16:00,entry,target,2,Tuesday,9,50,BUY:NIFTY_DHAN_18150PE@57.1,1802.5,54.63,1747.87,1
ThreePMV2Put,2023-05-04,2023-05-03,2023-05-03 15:16:00,2023-05-04,2023-05-04 09:15:00,entry,next_day_open,1,Wednesday,9,50,BUY:NIFTY_DHAN_18100PE@47.85,347.5,52.02,295.48,1
ThreePMV2Put,2023-05-11,2023-05-08,2023-05-08 15:16:00,2023-05-09,2023-05-09 09:15:00,entry,next_day_open,3,Monday,9,50,BUY:NIFTY_DHAN_18150PE@29.4,-225.0,49.62,-274.62,1
ThreePMV2Put,2023-05-11,2023-05-09,2023-05-09 15:16:00,2023-05-10,2023-05-10 09:15:00,entry,next_day_open,2,Tuesday,9,50,BUY:NIFTY_DHAN_18300PE@74.6,-1240.0,52.55,-1292.55,1
ThreePMV2Put,2023-05-25,2023-05-23,2023-05-23 15:16:00,2023-05-24,2023-05-24 09:16:00,entry,target,2,Tuesday,9,50,BUY:NIFTY_DHAN_18400PE@78.2,1975.0,56.79,1918.21,1
ThreePMV2Put,2023-05-25,2023-05-24,2023-05-24 15:16:00,2023-05-25,2023-05-25 09:15:00,entry,next_day_open,1,Wednesday,9,50,BUY:NIFTY_DHAN_18300PE@44.05,287.5,51.6,235.9,1
ThreePMV2Put,2023-06-01,2023-05-26,2023-05-26 15:16:00,2023-05-29,2023-05-29 09:16:00,entry,stop_loss,6,Friday,9,50,BUY:NIFTY_DHAN_18350PE@38.4,-1110.0,49.38,-1159.38,1
ThreePMV2Put,2023-06-01,2023-05-29,2023-05-29 15:16:00,2023-05-30,2023-05-30 09:15:00,entry,next_day_open,3,Monday,9,50,BUY:NIFTY_DHAN_18650PE@99.95,-115.0,56.24,-171.24,1
ThreePMV2Put,2023-06-08,2023-06-02,2023-06-02 15:16:00,2023-06-05,2023-06-05 09:16:00,entry,time_exit,6,Friday,9,50,BUY:NIFTY_DHAN_18550PE@79.65,-2060.0,52.01,-2112.01,1
ThreePMV2Put,2023-06-08,2023-06-07,2023-06-07 15:16:00,2023-06-08,2023-06-08 09:15:00,entry,next_day_open,1,Wednesday,9,50,BUY:NIFTY_DHAN_18650PE@18.1,-260.0,48.54,-308.54,1
ThreePMV2Put,2023-06-15,2023-06-13,2023-06-13 15:16:00,2023-06-14,2023-06-14 09:15:00,entry,next_day_open,2,Tuesday,9,50,BUY:NIFTY_DHAN_18650PE@27.65,-95.0,49.63,-144.63,1
ThreePMV2Put,2023-06-22,2023-06-19,2023-06-19 15:16:00,2023-06-20,2023-06-20 09:15:00,entry,next_day_open,3,Monday,9,50,BUY:NIFTY_DHAN_18850PE@90.35,517.5,56.13,461.37,1
ThreePMV2Put,2023-06-27,2023-06-26,2023-06-26 15:16:00,2023-06-27,2023-06-27 09:15:00,entry,next_day_open,1,Monday,9,50,BUY:NIFTY_DHAN_18650PE@40.0,-507.5,50.26,-557.76,1
ThreePMV2Put,2023-07-20,2023-07-17,2023-07-17 15:16:00,2023-07-18,2023-07-18 09:15:00,entry,next_day_open,3,Monday,9,50,BUY:NIFTY_DHAN_19600PE@42.2,-695.0,50.23,-745.23,1
ThreePMV2Put,2023-07-27,2023-07-26,2023-07-26 15:16:00,2023-07-27,2023-07-27 09:16:00,entry,stop_loss,1,Wednesday,9,50,BUY:NIFTY_DHAN_19750PE@43.8,-1630.0,49.24,-1679.24,1
ThreePMV2Put,2023-08-03,2023-07-31,2023-07-31 15:16:00,2023-08-01,2023-08-01 09:15:00,entry,next_day_open,3,Monday,9,50,BUY:NIFTY_DHAN_19600PE@26.0,-160.0,49.4,-209.4,1
ThreePMV2Put,2023-08-03,2023-08-01,2023-08-01 15:16:00,2023-08-02,2023-08-02 09:16:00,entry,target,2,Tuesday,9,50,BUY:NIFTY_DHAN_19750PE@68.8,2412.5,56.46,2356.04,1
ThreePMV2Put,2023-08-03,2023-08-02,2023-08-02 15:16:00,2023-08-03,2023-08-03 09:16:00,entry,target,1,Wednesday,9,50,BUY:NIFTY_DHAN_19650PE@139.3,3512.5,64.27,3448.23,1
ThreePMV2Put,2023-08-10,2023-08-07,2023-08-07 15:16:00,2023-08-08,2023-08-08 09:15:00,entry,next_day_open,3,Monday,9,50,BUY:NIFTY_DHAN_19550PE@50.25,-150.0,51.63,-201.63,1
ThreePMV2Put,2023-08-17,2023-08-14,2023-08-14 15:16:00,2023-08-16,2023-08-16 09:16:00,entry,target,3,Monday,9,50,BUY:NIFTY_DHAN_19350PE@33.55,2325.0,53.11,2271.89,1
ThreePMV2Put,2023-08-24,2023-08-18,2023-08-18 15:16:00,2023-08-21,2023-08-21 09:15:00,entry,next_day_open,6,Friday,9,50,BUY:NIFTY_DHAN_19300PE@81.15,585.0,55.37,529.63,1
ThreePMV2Put,2023-08-24,2023-08-23,2023-08-23 15:16:00,2023-08-24,2023-08-24 09:16:00,entry,stop_loss,1,Wednesday,9,50,BUY:NIFTY_DHAN_19400PE@29.65,-1177.5,48.49,-1225.99,1
ThreePMV2Put,2023-09-07,2023-09-01,2023-09-01 15:16:00,2023-09-04,2023-09-04 09:15:00,entry,next_day_open,6,Friday,9,50,BUY:NIFTY_DHAN_19250PE@29.45,-427.5,49.38,-476.88,1
ThreePMV2Put,2023-09-14,2023-09-13,2023-09-13 15:16:00,2023-09-14,2023-09-14 09:16:00,entry,stop_loss,1,Wednesday,9,50,BUY:NIFTY_DHAN_19950PE@16.75,-587.5,48.02,-635.52,1
ThreePMV2Put,2023-09-21,2023-09-15,2023-09-15 15:16:00,2023-09-18,2023-09-18 09:15:00,entry,next_day_open,6,Friday,9,50,BUY:NIFTY_DHAN_20150PE@60.9,690.0,53.63,636.37,1
ThreePMV2Put,2023-10-05,2023-10-03,2023-10-03 15:16:00,2023-10-04,2023-10-04 09:16:00,entry,target,2,Tuesday,9,50,BUY:NIFTY_DHAN_19550PE@72.95,3987.5,58.76,3928.74,1
ThreePMV2Put,2023-10-12,2023-10-09,2023-10-09 15:16:00,2023-10-10,2023-10-10 09:16:00,entry,stop_loss,3,Monday,9,50,BUY:NIFTY_DHAN_19500PE@79.25,-2197.5,51.81,-2249.31,1
ThreePMV2Put,2023-10-12,2023-10-11,2023-10-11 15:16:00,2023-10-12,2023-10-12 09:16:00,entry,stop_loss,1,Wednesday,9,50,BUY:NIFTY_DHAN_19800PE@45.6,-1192.5,49.94,-1242.44,1
ThreePMV2Put,2023-10-19,2023-10-13,2023-10-13 15:16:00,2023-10-16,2023-10-16 09:15:00,entry,next_day_open,6,Friday,9,50,BUY:NIFTY_DHAN_19700PE@74.05,-65.0,53.92,-118.92,1
ThreePMV2Put,2023-10-19,2023-10-16,2023-10-16 15:16:00,2023-10-17,2023-10-17 09:16:00,entry,stop_loss,3,Monday,9,50,BUY:NIFTY_DHAN_19700PE@64.55,-1822.5,50.91,-1873.41,1
ThreePMV2Put,2023-10-19,2023-10-18,2023-10-18 15:16:00,2023-10-19,2023-10-19 09:16:00,entry,target,1,Wednesday,9,50,BUY:NIFTY_DHAN_19800PE@133.15,5042.5,65.57,4976.93,1
ThreePMV2Put,2023-11-02,2023-10-30,2023-10-30 15:16:00,2023-10-31,2023-10-31 09:15:00,entry,next_day_open,3,Monday,9,50,BUY:NIFTY_DHAN_19000PE@37.2,-765.0,49.69,-814.69,1
ThreePMV2Put,2023-11-09,2023-11-03,2023-11-03 15:16:00,2023-11-06,2023-11-06 09:16:00,entry,stop_loss,6,Friday,9,50,BUY:NIFTY_DHAN_19250PE@94.1,-2645.0,52.63,-2697.63,1
ThreePMV2Put,2023-11-09,2023-11-06,2023-11-06 15:16:00,2023-11-07,2023-11-07 09:15:00,entry,next_day_open,3,Monday,9,50,BUY:NIFTY_DHAN_19300PE@29.0,-97.5,49.74,-147.24,1
ThreePMV2Put,2023-11-09,2023-11-08,2023-11-08 15:16:00,2023-11-09,2023-11-09 09:15:00,entry,next_day_open,1,Wednesday,9,50,BUY:NIFTY_DHAN_19450PE@51.75,-447.5,51.41,-498.91,1
ThreePMV2Put,2023-11-16,2023-11-15,2023-11-15 15:16:00,2023-11-16,2023-11-16 09:15:00,entry,next_day_open,1,Wednesday,9,50,BUY:NIFTY_DHAN_19600PE@16.95,-147.5,48.58,-196.08,1
ThreePMV2Put,2023-11-30,2023-11-28,2023-11-28 15:16:00,2023-11-29,2023-11-29 09:16:00,entry,stop_loss,2,Tuesday,9,50,BUY:NIFTY_DHAN_19800PE@21.45,-655.0,48.38,-703.38,1
ThreePMV2Put,2023-12-07,2023-12-01,2023-12-01 15:16:00,2023-12-04,2023-12-04 09:16:00,entry,stop_loss,6,Friday,9,50,BUY:NIFTY_DHAN_20200PE@83.2,-3452.5,50.64,-3503.14,1
ThreePMV2Put,2023-12-07,2023-12-06,2023-12-06 15:16:00,2023-12-07,2023-12-07 09:16:00,entry,target,1,Wednesday,9,50,BUY:NIFTY_DHAN_20950PE@58.7,1632.5,54.57,1577.93,1
ThreePMV2Put,2023-12-14,2023-12-08,2023-12-08 15:16:00,2023-12-11,2023-12-11 09:15:00,entry,next_day_open,6,Friday,9,50,BUY:NIFTY_DHAN_20950PE@74.0,-295.0,53.64,-348.64,1
ThreePMV2Put,2023-12-21,2023-12-18,2023-12-18 15:16:00,2023-12-19,2023-12-19 09:15:00,entry,next_day_open,3,Monday,9,50,BUY:NIFTY_DHAN_21350PE@75.15,-825.0,53.1,-878.1,1
ThreePMV2Put,2023-12-28,2023-12-27,2023-12-27 15:16:00,2023-12-28,2023-12-28 09:16:00,entry,stop_loss,1,Wednesday,9,50,BUY:NIFTY_DHAN_21550PE@24.9,-672.5,48.67,-721.17,1
ThreePMV2Put,2024-01-04,2024-01-02,2024-01-02 15:16:00,2024-01-03,2024-01-03 09:15:00,entry,next_day_open,2,Tuesday,9,50,BUY:NIFTY_DHAN_21700PE@104.6,57.5,56.88,0.62,1
ThreePMV2Put,2024-01-11,2024-01-05,2024-01-05 15:16:00,2024-01-08,2024-01-08 09:15:00,entry,next_day_open,6,Friday,9,50,BUY:NIFTY_DHAN_21750PE@124.1,-325.0,58.2,-383.2,1
ThreePMV2Put,2024-02-01,2024-01-31,2024-01-31 15:16:00,2024-02-01,2024-02-01 09:15:00,entry,next_day_open,1,Wednesday,9,50,BUY:NIFTY_DHAN_21450PE@35.8,-297.5,50.13,-347.63,1
ThreePMV2Put,2024-02-08,2024-02-02,2024-02-02 15:16:00,2024-02-05,2024-02-05 09:15:00,entry,next_day_open,6,Friday,9,50,BUY:NIFTY_DHAN_21850PE@141.2,-325.0,59.78,-384.78,1
ThreePMV2Put,2024-02-08,2024-02-05,2024-02-05 15:16:00,2024-02-06,2024-02-06 09:15:00,entry,next_day_open,3,Monday,9,50,BUY:NIFTY_DHAN_21850PE@208.95,-1585.0,64.47,-1649.47,1
ThreePMV2Put,2024-02-08,2024-02-06,2024-02-06 15:16:00,2024-02-07,2024-02-07 09:16:00,entry,stop_loss,2,Tuesday,9,50,BUY:NIFTY_DHAN_21800PE@74.6,-2125.0,51.47,-2176.47,1
ThreePMV2Put,2024-02-15,2024-02-13,2024-02-13 15:16:00,2024-02-14,2024-02-14 09:16:00,entry,target,2,Tuesday,9,50,BUY:NIFTY_DHAN_21650PE@66.5,3887.5,58.04,3829.46,1
ThreePMV2Put,2024-02-15,2024-02-14,2024-02-14 15:16:00,2024-02-15,2024-02-15 09:16:00,entry,stop_loss,1,Wednesday,9,50,BUY:NIFTY_DHAN_21550PE@12.3,-397.5,47.84,-445.34,1
ThreePMV2Put,2024-02-22,2024-02-21,2024-02-21 15:16:00,2024-02-22,2024-02-22 09:15:00,entry,next_day_open,1,Wednesday,9,50,BUY:NIFTY_DHAN_22200PE@176.0,2147.5,65.98,2081.52,1
ThreePMV2Put,2024-02-29,2024-02-26,2024-02-26 15:16:00,2024-02-27,2024-02-27 09:15:00,entry,next_day_open,3,Monday,9,50,BUY:NIFTY_DHAN_22150PE@138.0,-222.5,59.61,-282.11,1
ThreePMV2Put,2024-02-29,2024-02-27,2024-02-27 15:16:00,2024-02-28,2024-02-28 09:15:00,entry,next_day_open,2,Tuesday,9,50,BUY:NIFTY_DHAN_22100PE@70.65,-537.5,53.03,-590.53,1
ThreePMV2Put,2024-02-29,2024-02-28,2024-02-28 15:16:00,2024-02-29,2024-02-29 09:15:00,entry,next_day_open,1,Wednesday,9,50,BUY:NIFTY_DHAN_22200PE@324.95,-420.0,76.54,-496.54,1
ThreePMV2Put,2024-03-07,2024-03-04,2024-03-04 15:16:00,2024-03-05,2024-03-05 09:15:00,entry,next_day_open,3,Monday,9,50,BUY:NIFTY_DHAN_22400PE@131.55,-597.5,58.56,-656.06,1
ThreePMV2Put,2024-03-14,2024-03-12,2024-03-12 15:16:00,2024-03-13,2024-03-13 09:15:00,entry,next_day_open,2,Tuesday,9,50,BUY:NIFTY_DHAN_22350PE@87.65,-1245.0,53.74,-1298.74,1
ThreePMV2Put,2024-04-10,2024-04-05,2024-04-05 15:16:00,2024-04-08,2024-04-08 09:15:00,entry,next_day_open,5,Friday,9,50,BUY:NIFTY_DHAN_22450PE@85.35,-1720.0,52.95,-1772.95,1
ThreePMV2Put,2024-04-25,2024-04-22,2024-04-22 15:16:00,2024-04-23,2024-04-23 09:15:00,entry,next_day_open,3,Monday,9,50,BUY:NIFTY_DHAN_22300PE@96.3,-1432.5,54.3,-1486.8,1
ThreePMV2Put,2024-05-02,2024-04-29,2024-04-29 15:16:00,2024-04-30,2024-04-30 09:15:00,entry,next_day_open,3,Monday,9,50,BUY:NIFTY_DHAN_22500PE@47.8,-697.5,50.74,-748.24,1
ThreePMV2Put,2024-05-09,2024-05-07,2024-05-07 15:16:00,2024-05-08,2024-05-08 09:15:00,entry,next_day_open,2,Tuesday,9,50,BUY:NIFTY_DHAN_22450PE@197.35,1097.5,66.67,1030.83,1
ThreePMV2Put,2024-05-16,2024-05-15,2024-05-15 15:16:00,2024-05-16,2024-05-16 09:16:00,entry,stop_loss,1,Wednesday,9,50,BUY:NIFTY_DHAN_22250PE@96.4,-2577.5,52.92,-2630.42,1
ThreePMV2Put,2024-05-22,2024-05-21,2024-05-21 15:16:00,2024-05-22,2024-05-22 09:15:00,entry,next_day_open,1,Tuesday,9,50,BUY:NIFTY_DHAN_22500PE@85.7,-797.5,54.1,-851.6,1
ThreePMV2Put,2024-06-13,2024-06-10,2024-06-10 15:16:00,2024-06-11,2024-06-11 09:15:00,entry,next_day_open,3,Monday,9,50,BUY:NIFTY_DHAN_23400PE@271.2,-52.5,72.05,-124.55,1
ThreePMV2Put,2024-06-20,2024-06-14,2024-06-14 15:16:00,2024-06-18,2024-06-18 09:15:00,entry,next_day_open,6,Friday,9,50,BUY:NIFTY_DHAN_23450PE@109.35,-2377.5,54.36,-2431.86,1
ThreePMV2Put,2024-06-27,2024-06-21,2024-06-21 15:16:00,2024-06-24,2024-06-24 09:15:00,entry,next_day_open,6,Friday,9,50,BUY:NIFTY_DHAN_23600PE@200.35,2145.0,68.21,2076.79,1
ThreePMV2Put,2024-07-04,2024-07-02,2024-07-02 15:16:00,2024-07-03,2024-07-03 09:15:00,entry,next_day_open,2,Tuesday,9,50,BUY:NIFTY_DHAN_24200PE@136.25,-3712.5,55.2,-3767.7,1
ThreePMV2Put,2024-07-04,2024-07-03,2024-07-03 15:16:00,2024-07-04,2024-07-04 09:16:00,entry,stop_loss,1,Wednesday,9,50,BUY:NIFTY_DHAN_24200PE@40.8,-1065.0,49.66,-1114.66,1
ThreePMV2Put,2024-07-11,2024-07-10,2024-07-10 15:16:00,2024-07-11,2024-07-11 09:15:00,entry,next_day_open,1,Wednesday,9,50,BUY:NIFTY_DHAN_24400PE@115.2,-2280.0,55.01,-2335.01,1
ThreePMV2Put,2024-08-14,2024-08-13,2024-08-13 15:16:00,2024-08-14,2024-08-14 09:15:00,entry,next_day_open,1,Tuesday,9,50,BUY:NIFTY_DHAN_24350PE@232.8,-2170.0,65.95,-2235.95,1
ThreePMV2Put,2024-08-22,2024-08-21,2024-08-21 15:16:00,2024-08-22,2024-08-22 09:16:00,entry,stop_loss,1,Wednesday,9,50,BUY:NIFTY_DHAN_24700PE@32.25,-910.0,49.05,-959.05,1
ThreePMV2Put,2024-09-05,2024-09-04,2024-09-04 15:16:00,2024-09-05,2024-09-05 09:16:00,entry,stop_loss,1,Wednesday,9,50,BUY:NIFTY_DHAN_25100PE@37.15,-1317.5,49.01,-1366.51,1
ThreePMV2Put,2024-09-26,2024-09-24,2024-09-24 15:16:00,2024-09-25,2024-09-25 09:15:00,entry,next_day_open,2,Tuesday,9,50,BUY:NIFTY_DHAN_25900PE@78.7,400.0,54.91,345.09,1
ThreePMV2Put,2024-10-17,2024-10-15,2024-10-15 15:16:00,2024-10-16,2024-10-16 09:15:00,entry,next_day_open,2,Tuesday,9,50,BUY:NIFTY_DHAN_25200PE@196.0,1290.0,67.36,1222.64,1
ThreePMV2Put,2024-10-24,2024-10-21,2024-10-21 15:16:00,2024-10-22,2024-10-22 09:15:00,entry,next_day_open,3,Monday,9,50,BUY:NIFTY_DHAN_24950PE@250.2,1197.5,72.3,1125.2,1
ThreePMV2Put,2024-10-31,2024-10-29,2024-10-29 15:16:00,2024-10-30,2024-10-30 09:16:00,entry,time_exit,2,Tuesday,9,50,BUY:NIFTY_DHAN_24300PE@35.7,1432.5,52.57,1379.93,1
ThreePMV2Put,2024-11-07,2024-11-04,2024-11-04 15:16:00,2024-11-05,2024-11-05 09:15:00,entry,next_day_open,3,Monday,9,50,BUY:NIFTY_DHAN_24200PE@300.6,2015.0,78.18,1936.82,1
ThreePMV2Put,2024-11-14,2024-11-08,2024-11-08 15:16:00,2024-11-11,2024-11-11 09:15:00,entry,next_day_open,6,Friday,9,50,BUY:NIFTY_DHAN_24150PE@145.3,1705.0,63.21,1641.79,1
ThreePMV2Put,2024-12-05,2024-12-03,2024-12-03 15:16:00,2024-12-04,2024-12-04 09:15:00,entry,next_day_open,2,Tuesday,9,75,BUY:NIFTY_DHAN_24350PE@94.0,273.75,60.78,212.97,1
ThreePMV2Put,2024-12-19,2024-12-13,2024-12-13 15:16:00,2024-12-16,2024-12-16 09:15:00,entry,next_day_open,6,Friday,9,75,BUY:NIFTY_DHAN_24500PE@57.0,-322.5,54.74,-377.24,1
ThreePMV2Put,2024-12-26,2024-12-23,2024-12-23 15:16:00,2024-12-24,2024-12-24 09:15:00,entry,next_day_open,3,Monday,9,75,BUY:NIFTY_DHAN_23750PE@88.95,120.0,59.85,60.15,1
ThreePMV2Put,2025-01-02,2025-01-01,2025-01-01 15:16:00,2025-01-02,2025-01-02 09:15:00,entry,next_day_open,1,Wednesday,9,75,BUY:NIFTY_DHAN_23650PE@69.4,-1845.0,54.31,-1899.31,1
ThreePMV2Put,2025-01-09,2025-01-07,2025-01-07 15:16:00,2025-01-08,2025-01-08 09:15:00,entry,next_day_open,2,Tuesday,9,75,BUY:NIFTY_DHAN_23750PE@145.9,-281.25,67.27,-348.52,1
ThreePMV2Put,2025-01-09,2025-01-08,2025-01-08 15:16:00,2025-01-09,2025-01-09 09:15:00,entry,next_day_open,1,Wednesday,9,75,BUY:NIFTY_DHAN_23700PE@74.15,1680.0,59.99,1620.01,1
ThreePMV2Put,2025-01-16,2025-01-15,2025-01-15 15:16:00,2025-01-16,2025-01-16 09:16:00,entry,stop_loss,1,Wednesday,9,75,BUY:NIFTY_DHAN_23250PE@80.25,-4635.0,51.88,-4686.88,1
ThreePMV2Put,2025-02-06,2025-01-31,2025-01-31 15:16:00,2025-02-01,2025-02-01 09:15:00,entry,next_day_open,6,Friday,9,75,BUY:NIFTY_DHAN_23300PE@150.2,-52.5,68.2,-120.7,1
ThreePMV2Put,2025-02-06,2025-02-01,2025-02-01 15:16:00,2025-02-03,2025-02-03 09:16:00,entry,target,5,Saturday,9,75,BUY:NIFTY_DHAN_23550PE@172.0,8430.0,83.31,8346.69,1
ThreePMV2Put,2025-02-06,2025-02-03,2025-02-03 15:16:00,2025-02-04,2025-02-04 09:16:00,entry,stop_loss,3,Monday,9,75,BUY:NIFTY_DHAN_23250PE@67.25,-2790.0,52.67,-2842.67,1
ThreePMV2Put,2025-02-20,2025-02-14,2025-02-14 15:16:00,2025-02-17,2025-02-17 09:15:00,entry,next_day_open,6,Friday,9,75,BUY:NIFTY_DHAN_23100PE@244.8,3843.75,87.01,3756.74,1
ThreePMV2Put,2025-02-20,2025-02-17,2025-02-17 15:16:00,2025-02-18,2025-02-18 09:15:00,entry,next_day_open,3,Monday,9,75,BUY:NIFTY_DHAN_22750PE@67.5,-206.25,56.38,-262.63,1
ThreePMV2Put,2025-02-20,2025-02-18,2025-02-18 15:16:00,2025-02-19,2025-02-19 09:15:00,entry,next_day_open,2,Tuesday,9,75,BUY:NIFTY_DHAN_22950PE@126.6,1387.5,66.94,1320.56,1
ThreePMV2Put,2025-02-20,2025-02-19,2025-02-19 15:16:00,2025-02-20,2025-02-20 09:15:00,entry,next_day_open,1,Wednesday,9,75,BUY:NIFTY_DHAN_22850PE@49.05,1991.25,56.91,1934.34,1
ThreePMV2Put,2025-02-27,2025-02-21,2025-02-21 15:16:00,2025-02-24,2025-02-24 09:15:00,entry,next_day_open,6,Friday,9,75,BUY:NIFTY_DHAN_22900PE@186.85,4301.25,79.53,4221.72,1
ThreePMV2Put,2025-02-27,2025-02-24,2025-02-24 15:16:00,2025-02-25,2025-02-25 09:15:00,entry,next_day_open,3,Monday,9,75,BUY:NIFTY_DHAN_22650PE@115.1,1458.75,65.42,1393.33,1
ThreePMV2Put,2025-03-20,2025-03-18,2025-03-18 15:16:00,2025-03-19,2025-03-19 09:15:00,entry,next_day_open,2,Tuesday,9,75,BUY:NIFTY_DHAN_22600PE@26.9,-562.5,50.18,-612.68,1
ThreePMV2Put,2025-03-27,2025-03-21,2025-03-21 15:16:00,2025-03-24,2025-03-24 09:16:00,entry,time_exit,6,Friday,9,75,BUY:NIFTY_DHAN_23150PE@52.2,-1998.75,51.68,-2050.43,1
ThreePMV2Put,2025-03-27,2025-03-25,2025-03-25 15:16:00,2025-03-26,2025-03-26 09:15:00,entry,next_day_open,2,Tuesday,9,75,BUY:NIFTY_DHAN_23750PE@121.35,-56.25,64.15,-120.4,1
ThreePMV2Put,2025-04-03,2025-04-01,2025-04-01 15:16:00,2025-04-02,2025-04-02 09:15:00,entry,next_day_open,2,Tuesday,9,75,BUY:NIFTY_DHAN_23400PE@218.25,787.5,78.94,708.56,1
ThreePMV2Put,2025-04-03,2025-04-02,2025-04-02 15:16:00,2025-04-03,2025-04-03 09:16:00,entry,target,1,Wednesday,9,75,BUY:NIFTY_DHAN_23200PE@37.6,2823.75,56.49,2767.26,1
ThreePMV2Put,2025-04-09,2025-04-07,2025-04-07 15:16:00,2025-04-08,2025-04-08 09:16:00,entry,stop_loss,2,Monday,9,75,BUY:NIFTY_DHAN_22050PE@264.85,-14801.25,63.34,-14864.59,1
ThreePMV2Put,2025-04-24,2025-04-22,2025-04-22 15:16:00,2025-04-23,2025-04-23 09:16:00,entry,stop_loss,2,Tuesday,9,75,BUY:NIFTY_DHAN_24150PE@89.5,-3990.0,54.09,-4044.09,1
ThreePMV2Put,2025-04-24,2025-04-23,2025-04-23 15:16:00,2025-04-24,2025-04-24 09:15:00,entry,next_day_open,1,Wednesday,9,75,BUY:NIFTY_DHAN_24300PE@63.55,-213.75,55.82,-269.57,1
ThreePMV2Put,2025-05-08,2025-05-02,2025-05-02 15:16:00,2025-05-05,2025-05-05 09:15:00,entry,next_day_open,6,Friday,9,75,BUY:NIFTY_DHAN_24450PE@245.8,-7147.5,71.53,-7219.03,1
ThreePMV2Put,2025-05-08,2025-05-06,2025-05-06 15:16:00,2025-05-07,2025-05-07 09:15:00,entry,next_day_open,2,Tuesday,9,75,BUY:NIFTY_DHAN_24450PE@145.75,2373.75,71.02,2302.73,1
ThreePMV2Put,2025-05-15,2025-05-14,2025-05-14 15:16:00,2025-05-15,2025-05-15 09:15:00,entry,next_day_open,1,Wednesday,9,75,BUY:NIFTY_DHAN_24600PE@85.0,-2490.0,55.59,-2545.59,1
ThreePMV2Put,2025-05-22,2025-05-16,2025-05-16 15:16:00,2025-05-19,2025-05-19 09:15:00,entry,next_day_open,6,Friday,9,75,BUY:NIFTY_DHAN_25000PE@162.25,506.25,70.68,435.57,1
ThreePMV2Put,2025-05-22,2025-05-19,2025-05-19 15:16:00,2025-05-20,2025-05-20 09:15:00,entry,next_day_open,3,Monday,9,75,BUY:NIFTY_DHAN_25000PE@194.25,-1113.75,72.87,-1186.62,1
ThreePMV2Put,2025-05-22,2025-05-20,2025-05-20 15:16:00,2025-05-21,2025-05-21 09:15:00,entry,next_day_open,2,Tuesday,9,75,BUY:NIFTY_DHAN_25000PE@310.6,-3105.0,86.37,-3191.37,1
ThreePMV2Put,2025-05-22,2025-05-21,2025-05-21 15:16:00,2025-05-22,2025-05-22 09:16:00,entry,time_exit,1,Wednesday,9,75,BUY:NIFTY_DHAN_24750PE@93.95,4053.75,66.14,3987.61,1
ThreePMV2Put,2025-05-29,2025-05-26,2025-05-26 15:16:00,2025-05-27,2025-05-27 09:15:00,entry,next_day_open,3,Monday,9,75,BUY:NIFTY_DHAN_25000PE@186.7,52.5,73.47,-20.97,1
ThreePMV2Put,2025-05-29,2025-05-27,2025-05-27 15:16:00,2025-05-28,2025-05-28 09:15:00,entry,next_day_open,2,Tuesday,9,75,BUY:NIFTY_DHAN_24900PE@202.5,-45.0,75.55,-120.55,1
ThreePMV2Put,2025-06-05,2025-06-02,2025-06-02 15:16:00,2025-06-03,2025-06-03 09:15:00,entry,next_day_open,3,Monday,9,75,BUY:NIFTY_DHAN_24600PE@160.65,-1421.25,67.73,-1488.98,1
ThreePMV2Put,2025-06-05,2025-06-04,2025-06-04 15:16:00,2025-06-05,2025-06-05 09:16:00,entry,stop_loss,1,Wednesday,9,75,BUY:NIFTY_DHAN_24600PE@71.35,-3011.25,52.93,-3064.18,1
ThreePMV2Put,2025-06-12,2025-06-09,2025-06-09 15:16:00,2025-06-10,2025-06-10 09:15:00,entry,next_day_open,3,Monday,9,75,BUY:NIFTY_DHAN_25100PE@130.75,-2310.0,62.27,-2372.27,1
ThreePMV2Put,2025-06-19,2025-06-13,2025-06-13 15:16:00,2025-06-16,2025-06-16 09:15:00,entry,next_day_open,6,Friday,9,75,BUY:NIFTY_DHAN_24550PE@132.8,-993.75,64.43,-1058.18,1
ThreePMV2Put,2025-06-19,2025-06-16,2025-06-16 15:16:00,2025-06-17,2025-06-17 09:15:00,entry,next_day_open,3,Monday,9,75,BUY:NIFTY_DHAN_24750PE@69.25,-266.25,56.54,-322.79,1
ThreePMV2Put,2025-06-19,2025-06-17,2025-06-17 15:16:00,2025-06-18,2025-06-18 09:15:00,entry,next_day_open,2,Tuesday,9,75,BUY:NIFTY_DHAN_24950PE@167.9,-135.0,70.57,-205.57,1
ThreePMV2Put,2025-06-19,2025-06-18,2025-06-18 15:16:00,2025-06-19,2025-06-19 09:15:00,entry,next_day_open,1,Wednesday,9,75,BUY:NIFTY_DHAN_24800PE@85.5,-1931.25,56.46,-1987.71,1
ThreePMV2Put,2025-06-26,2025-06-20,2025-06-20 15:16:00,2025-06-23,2025-06-23 09:15:00,entry,next_day_open,6,Friday,9,75,BUY:NIFTY_DHAN_24850PE@77.15,2433.75,61.49,2372.26,1
ThreePMV2Put,2025-06-26,2025-06-23,2025-06-23 15:16:00,2025-06-24,2025-06-24 09:16:00,entry,stop_loss,3,Monday,9,75,BUY:NIFTY_DHAN_24950PE@113.2,-6011.25,54.54,-6065.79,1
ThreePMV2Put,2025-06-26,2025-06-24,2025-06-24 15:16:00,2025-06-25,2025-06-25 09:15:00,entry,next_day_open,2,Tuesday,9,75,BUY:NIFTY_DHAN_25200PE@170.25,-4920.0,64.1,-4984.1,1
ThreePMV2Put,2025-06-26,2025-06-25,2025-06-25 15:16:00,2025-06-26,2025-06-26 09:16:00,entry,stop_loss,1,Wednesday,9,75,BUY:NIFTY_DHAN_25150PE@38.05,-1668.75,50.17,-1718.92,1
ThreePMV2Put,2025-07-03,2025-07-02,2025-07-02 15:16:00,2025-07-03,2025-07-03 09:15:00,entry,next_day_open,1,Wednesday,9,75,BUY:NIFTY_DHAN_25600PE@176.25,-1260.0,70.14,-1330.14,1
ThreePMV2Put,2025-07-10,2025-07-04,2025-07-04 15:16:00,2025-07-07,2025-07-07 09:15:00,entry,next_day_open,6,Friday,9,75,BUY:NIFTY_DHAN_25450PE@124.6,157.5,64.91,92.59,1
ThreePMV2Put,2025-07-17,2025-07-11,2025-07-11 15:16:00,2025-07-14,2025-07-14 09:15:00,entry,next_day_open,6,Friday,9,75,BUY:NIFTY_DHAN_25250PE@155.25,491.25,69.68,421.57,1
ThreePMV2Put,2025-07-24,2025-07-21,2025-07-21 15:16:00,2025-07-22,2025-07-22 09:15:00,entry,next_day_open,3,Monday,9,75,BUY:NIFTY_DHAN_24950PE@41.45,-930.0,51.69,-981.69,1
ThreePMV2Put,2025-07-24,2025-07-23,2025-07-23 15:16:00,2025-07-24,2025-07-24 09:15:00,entry,next_day_open,1,Wednesday,9,75,BUY:NIFTY_DHAN_25150PE@21.45,-172.5,49.96,-222.46,1
ThreePMV2Put,2025-07-31,2025-07-30,2025-07-30 15:16:00,2025-07-31,2025-07-31 09:16:00,entry,target,1,Wednesday,9,75,BUY:NIFTY_DHAN_24850PE@47.95,9750.0,67.78,9682.22,1
ThreePMV2Put,2025-08-07,2025-08-05,2025-08-05 15:16:00,2025-08-06,2025-08-06 09:15:00,entry,next_day_open,2,Tuesday,9,75,BUY:NIFTY_DHAN_24700PE@116.4,-855.0,62.32,-917.32,1
ThreePMV2Put,2025-08-07,2025-08-06,2025-08-06 15:16:00,2025-08-07,2025-08-07 09:15:00,entry,next_day_open,1,Wednesday,9,75,BUY:NIFTY_DHAN_24650PE@111.2,2947.5,66.99,2880.51,1
ThreePMV2Put,2025-08-14,2025-08-11,2025-08-11 15:16:00,2025-08-12,2025-08-12 09:15:00,entry,next_day_open,3,Monday,9,75,BUY:NIFTY_DHAN_24350PE@35.9,-67.5,52.14,-119.64,1
ThreePMV2Put,2025-09-09,2025-09-03,2025-09-03 15:16:00,2025-09-04,2025-09-04 09:16:00,entry,stop_loss,6,Wednesday,9,75,BUY:NIFTY_DHAN_24600PE@62.5,-2711.25,52.12,-2763.37,1
ThreePMV2Put,2025-09-09,2025-09-04,2025-09-04 15:16:00,2025-09-05,2025-09-05 09:15:00,entry,next_day_open,5,Thursday,9,75,BUY:NIFTY_DHAN_24900PE@195.25,-3656.25,69.41,-3725.66,1
ThreePMV2Put,2025-09-16,2025-09-15,2025-09-15 15:16:00,2025-09-16,2025-09-16 09:15:00,entry,next_day_open,1,Monday,9,75,BUY:NIFTY_DHAN_25100PE@47.1,-176.25,53.56,-229.81,1
ThreePMV2Put,2025-10-28,2025-10-27,2025-10-27 15:16:00,2025-10-28,2025-10-28 09:15:00,entry,next_day_open,1,Monday,9,75,BUY:NIFTY_DHAN_25850PE@24.3,-480.0,49.93,-529.93,1
ThreePMV2Put,2025-11-18,2025-11-14,2025-11-14 15:16:00,2025-11-17,2025-11-17 09:15:00,entry,next_day_open,4,Friday,9,75,BUY:NIFTY_DHAN_25800PE@54.5,-577.5,54.03,-631.53,1
ThreePMV2Put,2025-11-18,2025-11-17,2025-11-17 15:16:00,2025-11-18,2025-11-18 09:16:00,entry,target,1,Monday,9,75,BUY:NIFTY_DHAN_25900PE@28.15,1147.5,52.78,1094.72,1
ThreePMV2Put,2025-11-25,2025-11-19,2025-11-19 15:16:00,2025-11-20,2025-11-20 09:15:00,entry,next_day_open,6,Wednesday,9,75,BUY:NIFTY_DHAN_25900PE@80.65,-1342.5,56.6,-1399.1,1
ThreePMV2Put,2025-12-02,2025-11-26,2025-11-26 15:16:00,2025-11-27,2025-11-27 09:15:00,entry,next_day_open,6,Wednesday,9,75,BUY:NIFTY_DHAN_25950PE@48.15,-622.5,53.08,-675.58,1
ThreePMV2Put,2025-12-02,2025-12-01,2025-12-01 15:16:00,2025-12-02,2025-12-02 09:15:00,entry,next_day_open,1,Monday,9,75,BUY:NIFTY_DHAN_26300PE@135.2,2193.75,69.29,2124.46,1
ThreePMV2Put,2025-12-09,2025-12-03,2025-12-03 15:16:00,2025-12-04,2025-12-04 09:15:00,entry,next_day_open,6,Wednesday,9,75,BUY:NIFTY_DHAN_26000PE@109.95,-322.5,62.17,-384.67,1
ThreePMV2Put,2025-12-09,2025-12-04,2025-12-04 15:16:00,2025-12-05,2025-12-05 09:15:00,entry,next_day_open,5,Thursday,9,75,BUY:NIFTY_DHAN_25950PE@55.35,367.5,55.49,312.01,1
ThreePMV2Put,2025-12-09,2025-12-08,2025-12-08 15:16:00,2025-12-09,2025-12-09 09:15:00,entry,next_day_open,1,Monday,9,75,BUY:NIFTY_DHAN_26150PE@214.4,-705.0,76.28,-781.28,1
ThreePMV2Put,2025-12-16,2025-12-12,2025-12-12 15:16:00,2025-12-15,2025-12-15 09:16:00,entry,target,4,Friday,9,75,BUY:NIFTY_DHAN_26000PE@54.95,3003.75,59.18,2944.57,1
ThreePMV2Put,2025-12-23,2025-12-17,2025-12-17 15:16:00,2025-12-18,2025-12-18 09:15:00,entry,next_day_open,6,Wednesday,9,75,BUY:NIFTY_DHAN_25850PE@114.85,56.25,63.4,-7.15,1
ThreePMV2Put,2025-12-23,2025-12-18,2025-12-18 15:16:00,2025-12-19,2025-12-19 09:16:00,entry,time_exit,5,Thursday,9,75,BUY:NIFTY_DHAN_25750PE@61.3,-2392.5,52.4,-2444.9,1
ThreePMV2Put,2025-12-23,2025-12-22,2025-12-22 15:16:00,2025-12-23,2025-12-23 09:15:00,entry,next_day_open,1,Monday,9,75,BUY:NIFTY_DHAN_26100PE@33.6,-1102.5,50.35,-1152.85,1
ThreePMV2Put,2025-12-30,2025-12-24,2025-12-24 15:16:00,2025-12-26,2025-12-26 09:15:00,entry,next_day_open,6,Wednesday,9,75,BUY:NIFTY_DHAN_26150PE@76.55,611.25,58.81,552.44,1
ThreePMV2Put,2025-12-30,2025-12-26,2025-12-26 15:16:00,2025-12-29,2025-12-29 09:15:00,entry,next_day_open,4,Friday,9,75,BUY:NIFTY_DHAN_26100PE@91.05,-476.25,59.3,-535.55,1
ThreePMV2Put,2025-12-30,2025-12-29,2025-12-29 15:16:00,2025-12-30,2025-12-30 09:15:00,entry,next_day_open,1,Monday,9,75,BUY:NIFTY_DHAN_26050PE@115.1,41.25,63.41,-22.16,1
ThreePMV2Put,2026-01-06,2026-01-02,2026-01-02 15:16:00,2026-01-05,2026-01-05 09:15:00,entry,next_day_open,4,Friday,9,65,BUY:NIFTY_DHAN_26150PE@19.25,-354.25,49.03,-403.28,1
ThreePMV2Put,2026-01-13,2026-01-07,2026-01-07 15:16:00,2026-01-08,2026-01-08 09:15:00,entry,next_day_open,6,Wednesday,9,65,BUY:NIFTY_DHAN_26100PE@68.25,422.5,56.1,366.4,1
ThreePMV2Put,2026-01-20,2026-01-19,2026-01-19 15:16:00,2026-01-20,2026-01-20 09:15:00,entry,next_day_open,1,Monday,9,65,BUY:NIFTY_DHAN_25550PE@51.0,182.0,53.66,128.34,1
ThreePMV2Put,2026-01-27,2026-01-21,2026-01-21 15:16:00,2026-01-22,2026-01-22 09:16:00,entry,stop_loss,6,Wednesday,9,65,BUY:NIFTY_DHAN_25150PE@150.35,-5655.0,57.45,-5712.45,1
ThreePMV2Put,2026-02-10,2026-02-05,2026-02-05 15:16:00,2026-02-06,2026-02-06 09:15:00,entry,next_day_open,5,Thursday,9,65,BUY:NIFTY_DHAN_25700PE@159.45,822.25,67.76,754.49,1
ThreePMV2Put,2026-02-10,2026-02-06,2026-02-06 15:16:00,2026-02-09,2026-02-09 09:16:00,entry,stop_loss,4,Friday,9,65,BUY:NIFTY_DHAN_25600PE@70.15,-3266.25,51.09,-3317.34,1
ThreePMV2Put,2026-02-17,2026-02-11,2026-02-11 15:16:00,2026-02-12,2026-02-12 09:15:00,entry,next_day_open,6,Wednesday,9,65,BUY:NIFTY_DHAN_26000PE@135.25,-331.5,63.18,-394.68,1
ThreePMV2Put,2026-02-17,2026-02-16,2026-02-16 15:16:00,2026-02-17,2026-02-17 09:16:00,entry,stop_loss,1,Monday,9,65,BUY:NIFTY_DHAN_25450PE@22.8,-724.75,48.95,-773.7,1
ThreePMV2Put,2026-03-17,2026-03-13,2026-03-13 15:16:00,2026-03-16,2026-03-16 09:15:00,entry,next_day_open,4,Friday,9,65,BUY:NIFTY_DHAN_23450PE@423.85,-1758.25,96.25,-1854.5,1
ThreePMV2Put,2026-03-24,2026-03-19,2026-03-19 15:16:00,2026-03-20,2026-03-20 09:15:00,entry,next_day_open,5,Thursday,9,65,BUY:NIFTY_DHAN_23350PE@463.65,-6812.0,93.9,-6905.9,1
ThreePMV2Put,2026-04-07,2026-04-06,2026-04-06 15:16:00,2026-04-07,2026-04-07 09:15:00,entry,next_day_open,1,Monday,9,65,BUY:NIFTY_DHAN_22700PE@83.35,-2180.75,55.86,-2236.61,1
TOTAL,,,,,,,,,,,,,-51872.25,15766.49,-67638.74,273
